Preditor,n,eventos,HR,IC inf,IC sup,p,C-index,p_PH,p_FDR
updrs2_score (/DP),1114,206,1.411,1.238,1.608,2.559488446249623e-07,0.592,0.968,7.166567649498945e-06
pigd,1090,193,2.327,1.588,3.41,1.4745572751428711e-05,0.597,0.793,0.00020643801852000197
SEX,1110,202,0.595,0.45,0.786,0.0002534707603653427,0.583,0.185,0.0023193597355826152
ageonset (/DP),989,196,0.78,0.681,0.893,0.0003313371050832307,0.591,0.145,0.0023193597355826152
updrs1_score (/DP),1105,202,1.265,1.1,1.454,0.0009747963416606467,0.567,0.819,0.0054588595132996215
comp_bradicinesia (/DP),1113,206,1.243,1.087,1.422,0.001524140450023223,0.56,0.968,0.007112655433441707
updrs3_score (/DP),1091,201,1.254,1.087,1.447,0.00191771442842271,0.561,0.671,0.00767085771369084
comp_marcha_pi (/DP),1112,205,1.213,1.066,1.38,0.0033479762590494623,0.574,0.252,0.011123666640343978
tau (/DP),470,164,0.763,0.636,0.915,0.0035754642772534216,0.583,0.169,0.011123666640343978
td_pigd_ratio (/DP),956,184,0.8,0.681,0.94,0.006508545217500625,0.574,0.204,0.01822392660900175
ptau (/DP),443,150,0.799,0.661,0.965,0.019699780979596355,0.579,0.078,0.05014489703897254
BMI (/DP),1102,200,0.855,0.741,0.986,0.031251302312281654,0.57,0.405,0.07291970539532386
is_pigd,990,190,1.343,0.99,1.823,0.05821411332080992,0.546,0.333,0.1253842440755906
td_pigd,1090,193,1.299,0.965,1.748,0.08427853090087745,0.536,0.688,0.1685570618017549
abeta (/DP),451,160,0.881,0.751,1.032,0.11708822628855582,0.543,0.588,0.21856468907197088
datscan_putamen_min (/DP),971,191,0.891,0.757,1.048,0.16233327957978214,0.557,0.125,0.28408323926461876
moca (/DP),1108,202,1.108,0.95,1.292,0.19106038567773698,0.55,0.185,0.307518685208728
stai (/DP),1105,202,1.093,0.955,1.251,0.197690583348468,0.554,0.237,0.307518685208728
comp_axial (/DP),1112,205,1.091,0.948,1.255,0.22548631339026048,0.537,0.42,0.3322956197330154
duration_yrs (/DP),997,197,1.064,0.944,1.199,0.31107729179475524,0.501,0.715,0.4355082085126573
MIA_CAUDATE_L (/DP),971,191,1.071,0.928,1.237,0.3468915929322721,0.511,0.312,0.46252212390969616
upsit (/DP),1084,197,1.068,0.925,1.232,0.36913917013698694,0.536,0.073,0.4698134892652561
comp_fala (/DP),1114,206,1.039,0.906,1.19,0.5854783457443892,0.504,0.426,0.7127562469931694
NFL_CSF (/DP),233,101,1.035,0.846,1.266,0.7381834306722871,0.451,0.172,0.8612140024510017
comp_assimetria_lr (/DP),1113,206,0.984,0.856,1.13,0.816058447421171,0.511,0.271,0.9139854611117114
comp_tremor (/DP),1114,206,1.014,0.88,1.168,0.8497436630710813,0.503,0.702,0.9151085602303952
MIA_CAUDATE_R (/DP),971,191,1.005,0.859,1.175,0.9544391022072928,0.482,0.169,0.9897886985853407
datscan_putamen_asym (/DP),971,191,1.0,0.862,1.161,0.9969405083897489,0.517,0.062,0.9969405083897489
