variavel,n,eventos,HR_por_DP,p,C_index,no_L1,p_FDR
updrs_totscore,1081,193,1.503,6.712204154059935e-09,0.625,NÃO,5.797490943766948e-07
updrs2_score,1109,202,1.472,1.0171036743450784e-08,0.6,sim,5.797490943766948e-07
Clinical_Stage,1104,202,1.442,1.534944031241738e-07,0.598,NÃO,5.832787318718605e-06
MSEADLG,1108,202,0.738,4.422202482030962e-06,0.604,NÃO,0.00011696186627727831
NP1FATG,1109,202,1.374,5.129906415670101e-06,0.598,NÃO,0.00011696186627727831
pigd,1090,193,1.288,2.7594307495999963e-05,0.597,sim,0.0005242918424239993
updrs3_score,1088,193,1.332,5.428957688391536e-05,0.594,NÃO,0.0008841445378237645
age_datscan,1082,196,0.781,0.00020639954650124485,0.599,NÃO,0.0026436780765781032
age_upsit,1095,198,0.781,0.0002087114270982713,0.594,NÃO,0.0026436780765781032
age,1110,202,0.786,0.0002898284427638809,0.592,NÃO,0.0033040442475082425
agediag,998,197,0.784,0.00033770626113807016,0.594,NÃO,0.0034998648881581816
ageonset,989,196,0.789,0.0004664053016469095,0.591,sim,0.004430850365645641
age_LP,1083,197,0.792,0.0006508253479721143,0.588,NÃO,0.0057072376668323875
updrs1_score,1105,202,1.249,0.001434548177097895,0.567,NÃO,0.011681320870654288
comp_bradicinesia,1113,206,1.23,0.002022056993420237,0.56,sim,0.015367633149993802
scopa_gi,1105,201,1.232,0.0023141469176914875,0.565,NÃO,0.01648829678855185
tau,470,164,0.761,0.0027876700876921902,0.586,NÃO,0.01869378764687704
comp_marcha_pi,1112,205,1.202,0.0044467819915250915,0.574,NÃO,0.02816295261299225
NP1DDS,1106,202,1.156,0.006429630490184201,0.515,NÃO,0.038577782941105206
EDUCYRS,1110,202,1.224,0.007031150146257111,0.541,NÃO,0.04007755583366554
td_pigd_ratio,956,184,0.811,0.007825886558654722,0.574,NÃO,0.04248338417555421
asyn,435,154,0.811,0.013635105061868609,0.58,NÃO,0.0706546353205919
ptau,443,150,0.795,0.015577940303691057,0.582,NÃO,0.07721239976612089
DVS_FAS,637,32,1.463,0.017141465903711857,0.623,NÃO,0.08142196304263133
HVLTREC,1107,201,1.246,0.018506277527987527,0.548,NÃO,0.08242267940178954
NP1APAT,1110,202,1.181,0.018798154951285333,0.541,NÃO,0.08242267940178954
lexical,637,32,1.385,0.023933929159020546,0.621,NÃO,0.09618258747073917
DVT_FAS,637,32,1.429,0.023940760093726827,0.615,NÃO,0.09618258747073917
handed,1109,202,1.144,0.024467500321503827,0.532,NÃO,0.09618258747073917
TMT_A,640,32,1.295,0.02684929159547895,0.566,NÃO,0.10202730806282002
DVZ_TMTA,640,32,0.721,0.029666792391770024,0.592,NÃO,0.10586013517313166
scopa_therm,1105,201,1.149,0.031877043949702435,0.555,NÃO,0.10586013517313166
stai_trait,1105,202,1.151,0.032514128064547655,0.573,NÃO,0.10586013517313166
NP1HALL,1110,202,1.128,0.03282226523453741,0.516,NÃO,0.10586013517313166
MIA_PUTAMEN_R,969,191,0.837,0.03326457232189551,0.565,NÃO,0.10586013517313166
resp,1176,273,1.136,0.033429516370462625,0.548,NÃO,0.10586013517313166
NP1ANXS,1110,202,1.151,0.036693606017173475,0.542,NÃO,0.1130559752961561
hy,1091,193,1.17,0.041895621146946956,0.524,NÃO,0.12568686344084087
urate,973,190,0.868,0.05090556446078492,0.548,NÃO,0.14880088073152514
MIA_LOWPUT_EXPECTED,969,191,0.855,0.05485942786787525,0.578,NÃO,0.1563493694234445
CSFSAA,930,185,1.167,0.05800351794112676,0.523,NÃO,0.15775727631624858
NP1DPRS,1110,202,1.131,0.058121101800723156,0.54,NÃO,0.15775727631624858
scopa,1104,201,1.133,0.0724011365494383,0.531,NÃO,0.188843216699528
NHY,1091,193,1.137,0.07288685556823887,0.524,NÃO,0.188843216699528
VLTANIM,1109,202,1.125,0.0892749254473344,0.542,NÃO,0.22616314446658048
hvlt_discrimination,1107,201,1.134,0.09211641035303227,0.545,NÃO,0.22828849522273215
gds,1107,202,1.119,0.10614103764397319,0.531,NÃO,0.25744847428538176
upsit_pctl,1084,197,1.105,0.12073542668986954,0.494,NÃO,0.28674663838844017
DVS_SFTANIM,1109,202,1.113,0.1310099536634464,0.54,NÃO,0.30479866770679365
DOMSIDE,990,195,0.902,0.13841055369269487,0.527,NÃO,0.3155760624193443
rem,1107,202,1.109,0.1419675224604643,0.526,NÃO,0.31733916785280253
lns,1109,202,1.1,0.17072675934259962,0.538,NÃO,0.37323549530855304
datscan_putamen_min,971,191,0.897,0.17400678780514667,0.557,NÃO,0.37323549530855304
abeta,451,160,0.898,0.17679576093563037,0.537,NÃO,0.37323549530855304
nfl_serum,473,167,0.871,0.18885631841328135,0.548,NÃO,0.3911860055603808
HVLTRDLY,1109,202,1.105,0.19538217110225123,0.554,NÃO,0.3911860055603808
BMI,1105,202,0.899,0.1955930027801904,0.566,sim,0.3911860055603808
moca,1108,202,1.101,0.20462868172781837,0.55,NÃO,0.4022012020167464
stai,1105,202,1.088,0.21006077066499312,0.554,sim,0.40338036388118276
MIA_STRIATUM_R,969,191,0.906,0.2144631361228565,0.544,NÃO,0.40338036388118276
TMT_B,640,32,1.184,0.2158438789188785,0.558,NÃO,0.40338036388118276
total_di_22_6_BMP,450,164,1.098,0.22553128164232378,0.522,NÃO,0.4091151715989299
MIA_PUTAMEN_BILAT,969,191,0.909,0.22624278071526893,0.542,NÃO,0.4091151715989299
DVSD_SDM,1108,202,0.918,0.23477472326159976,0.519,NÃO,0.4091151715989299
DVT_SDM,1108,202,0.918,0.2347747232615998,0.519,NÃO,0.4091151715989299
comp_axial,1112,205,1.086,0.23918446996793355,0.537,NÃO,0.4091151715989299
PRIMDIAG,1105,202,0.809,0.24044488155375707,0.507,NÃO,0.4091151715989299
_2_2__di_22_6_BMP,450,164,1.086,0.2861389454821891,0.514,NÃO,0.4797035262495523
duration,998,197,1.063,0.3063472195152934,0.502,NÃO,0.4952404112441984
duration_yrs,998,197,1.063,0.3078327626309474,0.502,sim,0.4952404112441984
hvlt_retention,1109,202,1.085,0.30843920349419374,0.544,NÃO,0.4952404112441984
MIA_CAUDATE_L,969,191,1.073,0.32684548567481947,0.512,NÃO,0.5175053523184642
DVT_TOTAL_RECALL,1109,202,0.938,0.3405819134467325,0.493,NÃO,0.5318676456565412
DVT_RECOG_DISC_INDEX,1107,201,1.067,0.361044375891706,0.523,NÃO,0.5562034979953309
upsit,1084,197,1.064,0.3824541989679938,0.536,sim,0.5779032388057133
DVZ_TMTB,640,32,0.871,0.3852688258704755,0.59,NÃO,0.5779032388057133
scopa_pm,1105,201,1.055,0.43344365511047833,0.51,NÃO,0.6417217750986303
DVS_JLO_MSSA,1108,202,1.049,0.5109001000070519,0.521,NÃO,0.7389544647537581
scopa_ur,1105,201,1.048,0.513130703623256,0.503,NÃO,0.7389544647537581
bjlot,1108,202,1.049,0.5210055738369745,0.524,NÃO,0.7389544647537581
DVS_BNT,614,30,1.116,0.5250465933776702,0.58,NÃO,0.7389544647537581
scopa_sex,1104,201,0.958,0.5368007872481044,0.512,NÃO,0.7409629683562567
MIA_CAUDATE_BILAT,969,191,1.047,0.5394730383646431,0.498,NÃO,0.7409629683562567
DVS_LNS,1109,202,1.043,0.5499880336913827,0.517,NÃO,0.7464123314383052
MODBNT,633,32,0.927,0.5689549044149933,0.426,NÃO,0.7597318054773721
APOE_e4,1047,198,0.961,0.5749212395789234,0.516,NÃO,0.7597318054773721
MIA_STRIATUM_L,969,191,1.04,0.5797953252327314,0.504,NÃO,0.7597318054773721
comp_fala,1114,206,1.037,0.5954879035250222,0.504,NÃO,0.7635337952283767
scopa_cv,1105,201,1.041,0.5960921734677678,0.501,NÃO,0.7635337952283767
fampd,1110,202,0.968,0.6355420645669693,0.493,NÃO,0.8050199484514944
NP1COG,1110,202,1.033,0.6560732858666891,0.498,NÃO,0.8217986714940754
DVT_RETENTION,1109,202,1.032,0.6632059454162713,0.535,NÃO,0.8217986714940754
hvlt_immediaterecall,1109,202,1.03,0.6822189926632407,0.536,NÃO,0.8362684426194563
ess,1107,202,1.025,0.7290120444622671,0.517,NÃO,0.8841209900925366
MIA_STRIATUM_BILAT,969,191,0.977,0.7564889378995809,0.518,NÃO,0.9008743623637014
HVLTFPRL,1107,201,1.021,0.7586310419904854,0.507,NÃO,0.9008743623637014
cogstate,1007,164,1.022,0.7905865509860063,0.486,NÃO,0.9251184014928935
total_di_18_1_BMP,450,164,0.978,0.7952772223359962,0.53,NÃO,0.9251184014928935
stai_state,1105,202,1.017,0.8034884886180168,0.527,NÃO,0.9252291687116557
comp_assimetria_lr,1113,206,0.985,0.8208656555925876,0.511,NÃO,0.9279983875485014
DVT_DELAYED_RECALL,1109,202,1.016,0.8221740100210407,0.532,NÃO,0.9279983875485014
comp_tremor,1114,206,1.013,0.8542448442592685,0.503,NÃO,0.9547442377015354
SDMTOTAL,1108,202,1.01,0.8876011160959221,0.511,NÃO,0.9797852643031572
MIA_PUTAMEN_L,969,191,0.991,0.8954554926812938,0.516,NÃO,0.9797852643031572
DVS_JLO_MSSAE,1108,202,1.007,0.9280025202213504,0.515,NÃO,0.9797852643031572
MIA_CAUDATE_R,969,191,1.007,0.9332661241844319,0.482,NÃO,0.9797852643031572
DVT_SFTANIM,1109,202,0.995,0.9469122303156652,0.5,NÃO,0.9797852643031572
DVZ_CLCKDRAW,641,32,0.989,0.9489080888686453,0.53,NÃO,0.9797852643031572
DVT_CLCKDRAW,641,32,0.99,0.9497342125501114,0.53,NÃO,0.9797852643031572
race,1100,201,0.996,0.956289454816296,0.498,NÃO,0.9797852643031572
quip,1105,202,1.004,0.9588019805586215,0.476,NÃO,0.9797852643031572
CSFSAA_assay,930,185,0.997,0.9645357375216876,0.503,NÃO,0.9797852643031572
clockdraw,641,32,1.006,0.9711906567215505,0.495,NÃO,0.9797852643031572
datscan_putamen_asym,971,191,1.0,0.9970230886582774,0.517,NÃO,0.9970230886582774
