variavel,coef,HR_por_DP
updrs2_score,0.23915399483030603,1.27
ageonset,-0.1816797710123094,0.834
SEX,-0.16529591596853627,0.848
EDUCYRS,0.1481677811769807,1.16
NP1FATG,0.1382293652423004,1.148
MSEADLG,-0.08685766411257138,0.917
CSFSAA,0.058187522257046015,1.06
comp_bradicinesia,0.04784259105905057,1.049
BMI,-0.04404565071064384,0.957
handed,0.04360530126311408,1.045
NP1HALL,0.02865285871714654,1.029
NP1DDS,0.020864456444218957,1.021
orthostasis,-0.019615675241761853,0.981
td_pigd_ratio,-0.01772695258362392,0.982
DOMSIDE,-0.009992294996915866,0.99
NP1APAT,0.007995713012807607,1.008
