analito,n,n_ev,HR_DP,p,C,p_FDR
CSF LRRK2__Cerebrospinal Fluid,206,89,0.637,0.00045761661070582217,0.674,0.08648953942340039
NFL__Plasma,710,210,0.811,0.005780013315175968,0.585,0.5462112582841291
GFAP__Plasma,710,210,0.817,0.012792286698144062,0.576,0.6007452286874508
APP__miRNA,89,30,0.687,0.01611074441913698,0.674,0.6007452286874508
C24:1 Cer__Cerebrospinal Fluid,272,103,0.736,0.01928192611676012,0.542,0.6007452286874508
GRS__DNA,109,33,1.415,0.02759443074410013,0.633,0.6007452286874508
NfL__Serum,564,216,0.847,0.0323911449261479,0.564,0.6007452286874508
HDL__Plasma,141,47,1.289,0.03762007955516018,0.583,0.6007452286874508
C20 GlcCer__Cerebrospinal Fluid,273,104,0.796,0.04478500249994933,0.535,0.6007452286874508
EFTUD2__miRNA,89,30,0.695,0.0497014556770491,0.615,0.6007452286874508
Apolipoprotein A1__Plasma,141,47,1.269,0.051693914167535965,0.576,0.6007452286874508
tTau__Cerebrospinal Fluid,574,217,0.872,0.05180921874361978,0.561,0.6007452286874508
C18 GlcCer__Cerebrospinal Fluid,273,104,0.839,0.056871946960546524,0.555,0.6007452286874508
total Cer__Cerebrospinal Fluid,272,103,0.796,0.05863779960401717,0.53,0.6007452286874508
Glucosylsphingosine__Cerebrospinal Fluid,139,58,1.232,0.0622887414308169,0.587,0.6007452286874508
GUSB__miRNA,188,75,0.816,0.06513686090880452,0.585,0.6007452286874508
C23 GlcCer__Cerebrospinal Fluid,273,104,0.799,0.06781125934697868,0.531,0.6007452286874508
C24:1 GL2__Cerebrospinal Fluid,273,104,0.804,0.07001204749536213,0.549,0.6007452286874508
CSF Alpha-synuclein__Cerebrospinal Fluid,473,174,0.874,0.07614728219931362,0.565,0.6007452286874508
total GL2__Cerebrospinal Fluid,273,104,0.775,0.08085896355819135,0.531,0.6007452286874508
LRRK2 CSF__Cerebrospinal Fluid,206,89,0.82,0.08256568723964268,0.568,0.6007452286874508
pTau__Cerebrospinal Fluid,543,203,0.882,0.08320093814917726,0.555,0.6007452286874508
GLT25D1__miRNA,188,75,0.829,0.08430669446356347,0.575,0.6007452286874508
C24:1 Cer__Plasma,273,104,0.839,0.08445358710994662,0.57,0.6007452286874508
DJ-1__miRNA,188,75,0.829,0.09127850996042251,0.574,0.6007452286874508
MTDNA_ND1_CN__Cerebrospinal Fluid,338,123,0.843,0.09365836772276616,0.534,0.6007452286874508
GFAP__Cerebrospinal Fluid,207,93,0.829,0.0948287283748692,0.557,0.6007452286874508
C16 GlcCer__Cerebrospinal Fluid,273,104,0.786,0.09751391277660801,0.541,0.6007452286874508
C18 Cer__Cerebrospinal Fluid,272,103,0.85,0.0987354422113726,0.536,0.6007452286874508
C24 GlcCer__Cerebrospinal Fluid,273,104,0.829,0.10152300181302457,0.53,0.6007452286874508
MTDNA_ND4_CN__Cerebrospinal Fluid,338,123,0.848,0.10264583455907889,0.536,0.6007452286874508
IL-6__Cerebrospinal Fluid,199,90,0.836,0.10676120291186873,0.604,0.6007452286874508
UBC__miRNA,188,75,0.836,0.10749235699406354,0.574,0.6007452286874508
total GlcCer__Cerebrospinal Fluid,273,104,0.828,0.11338944056664256,0.533,0.6007452286874508
eMTBR-TAU243__Cerebrospinal Fluid,811,223,0.868,0.11368858367832255,0.55,0.6007452286874508
pTau181__Cerebrospinal Fluid,811,223,0.894,0.11824641931824742,0.562,0.6007452286874508
MON1B__miRNA,188,75,0.844,0.11853628179848946,0.575,0.6007452286874508
ZNF746__miRNA,188,75,0.844,0.12346481934881481,0.56,0.6007452286874508
C16 SM__Cerebrospinal Fluid,273,104,0.855,0.12396330115772795,0.548,0.6007452286874508
C20 Cer__Cerebrospinal Fluid,272,103,0.867,0.13326283882206774,0.514,0.6013978474599689
LAMB2 (rep 1)__miRNA,250,84,1.159,0.1358183104701198,0.557,0.6013978474599689
Ptau217p__Plasma,465,182,0.875,0.13696697626431792,0.551,0.6013978474599689
C23 Cer__Cerebrospinal Fluid,272,103,0.805,0.14075793811716145,0.52,0.6013978474599689
C24:1 GlcCer__Cerebrospinal Fluid,273,104,0.834,0.1410866005865904,0.549,0.6013978474599689
C16 GL2__Cerebrospinal Fluid,273,104,0.813,0.14318996368094497,0.522,0.6013978474599689
C24:1 SM__Cerebrospinal Fluid,273,104,0.869,0.15144445739526108,0.535,0.6175553313251395
CSF Albumin__Cerebrospinal Fluid,311,116,0.862,0.15387486320544358,0.558,0.6175553313251395
C16 GL2__Plasma,273,104,1.142,0.15683944922543225,0.543,0.6175553313251395
C24 GL2__Plasma,273,104,1.134,0.16418606432365723,0.538,0.6254865206336495
FBXO7-001__miRNA,188,75,0.86,0.1664073012673455,0.561,0.6254865206336495
C20 SM__Plasma,273,104,1.13,0.17245544252392692,0.521,0.6254865206336495
CATL__Cerebrospinal Fluid,191,79,0.86,0.17485727079084362,0.542,0.6254865206336495
ALDH1A1 (rep 1)__miRNA,250,84,1.148,0.17540098197663187,0.53,0.6254865206336495
C18 SM__Cerebrospinal Fluid,273,104,0.879,0.18143119508031436,0.545,0.6350091827811003
total GL2__Plasma,273,104,1.131,0.1903419796109247,0.542,0.6470035660510018
SRCAP__miRNA,188,75,0.868,0.1937746988522791,0.567,0.6470035660510018
Total SM__Cerebrospinal Fluid,273,104,0.883,0.1979239042615692,0.536,0.6470035660510018
a-Synuclein__Cerebrospinal Fluid,206,93,0.873,0.20002075478899045,0.551,0.6470035660510018
ZNF160__miRNA,89,30,0.801,0.20197465818523336,0.53,0.6470035660510018
PtdEtn 18:0/22:6__Serum,617,238,0.92,0.20744659760189724,0.542,0.6534567824459764
C18 GL2__Plasma,273,104,1.115,0.22754401556856474,0.526,0.6964776462174834
LAMB2 (rep 2)__miRNA,250,84,1.13,0.22847414849462416,0.555,0.6964776462174834
C24 Cer__Cerebrospinal Fluid,272,103,0.848,0.2482117057456909,0.506,0.7446351172370728
ASC__Cerebrospinal Fluid,170,77,0.881,0.25634356028649846,0.572,0.7570145764710658
PlsEtn 18:0/18:2__Serum,617,238,1.065,0.2622888565493797,0.512,0.7626552905820426
C5ORF4__miRNA,89,30,1.188,0.2688251628273229,0.508,0.7698175117327883
HMGB1__Cerebrospinal Fluid,191,86,0.898,0.3010175112283656,0.517,0.8018358869574919
C24:1 GL2__Plasma,273,104,1.103,0.3027816998766283,0.534,0.8018358869574919
Triglycerides__Plasma,141,47,1.144,0.3030732659384885,0.569,0.8018358869574919
pS65 Ubiquitin__Cerebrospinal Fluid,245,107,0.907,0.31097816121294874,0.559,0.8018358869574919
NFL__Cerebrospinal Fluid,207,93,0.887,0.3191612086053599,0.575,0.8018358869574919
GCase activity__Cerebrospinal Fluid,155,66,0.888,0.3194889826127607,0.535,0.8018358869574919
C23 Cer__Plasma,273,104,0.909,0.32226293660917527,0.546,0.8018358869574919
COPZ1__miRNA,89,30,0.83,0.32255612462219363,0.602,0.8018358869574919
PtdEtn 18:0/20:5__Serum,617,238,0.935,0.326339955774636,0.532,0.8018358869574919
ABeta40__Cerebrospinal Fluid,811,223,0.941,0.3280531094067426,0.553,0.8018358869574919
WLS__miRNA,89,30,1.183,0.3293662359032182,0.542,0.8018358869574919
GCase activity__Plasma,117,45,0.848,0.33091639779198073,0.516,0.8018358869574919
ALDH1A1 (rep 2)__miRNA,250,84,1.102,0.3438410694096071,0.524,0.8120301941683339
DHPR__miRNA,188,75,0.9,0.3469435388768626,0.552,0.8120301941683339
C20 SM__Cerebrospinal Fluid,273,104,0.911,0.3607790653421792,0.52,0.8120301941683339
sTREM2__Cerebrospinal Fluid,207,93,0.913,0.36145030471386275,0.545,0.8120301941683339
PlsEtn 16:0/18:2__Serum,617,238,1.054,0.3617599555852803,0.506,0.8120301941683339
NDNA_B2M_CN__Cerebrospinal Fluid,281,98,0.887,0.3732294316826399,0.536,0.8120301941683339
Total Cholesterol__Plasma,141,47,1.132,0.37399163652762746,0.548,0.8120301941683339
ABeta raw__Cerebrospinal Fluid,125,56,1.115,0.37912107839274933,0.486,0.8120301941683339
ABeta__Cerebrospinal Fluid,125,56,1.115,0.3791386896218718,0.486,0.8120301941683339
Serum IGF-1__Serum,366,135,1.076,0.3819077753300323,0.512,0.8120301941683339
C22 GlcCer__Cerebrospinal Fluid,273,104,0.916,0.3938531052381641,0.51,0.8120301941683339
PGK1 (rep 1)__miRNA,250,84,1.093,0.39584632203383874,0.53,0.8120301941683339
C24 SM__Cerebrospinal Fluid,273,104,0.928,0.39899130370886926,0.531,0.8120301941683339
GAPDH__miRNA,89,30,0.872,0.39963033891616995,0.535,0.8120301941683339
PlsEtn 16:0/20:5__Serum,617,238,0.946,0.4033014625570104,0.529,0.8120301941683339
C22 Cer__Cerebrospinal Fluid,272,103,0.915,0.4045763160813338,0.5,0.8120301941683339
SOD2__miRNA,89,30,0.869,0.41457814461945075,0.529,0.8120301941683339
total Ceramide__Plasma,273,104,0.927,0.4170742387600135,0.543,0.8120301941683339
YKL40__Cerebrospinal Fluid,207,93,0.92,0.4179125480594673,0.523,0.8120301941683339
FBXO7-010__miRNA,188,75,0.915,0.4210526932724694,0.537,0.8120301941683339
C23 SM__Cerebrospinal Fluid,273,104,0.93,0.4401976435338545,0.501,0.8372662693058284
C16 Cer__Cerebrospinal Fluid,272,103,0.926,0.44299802608773986,0.496,0.8372662693058284
S100__Cerebrospinal Fluid,207,93,0.928,0.4806698301125236,0.526,0.8794874037692446
PAR assay__Cerebrospinal Fluid,93,35,1.105,0.48553246631188574,0.542,0.8794874037692446
FBXO7-007__miRNA,188,75,0.925,0.4861066901938489,0.525,0.8794874037692446
C24:1 GlcCer__Plasma,273,104,0.934,0.4926080000808982,0.538,0.8794874037692446
C22 SM__Plasma,273,104,1.063,0.49401267267866134,0.527,0.8794874037692446
C16 Cer__Plasma,273,104,1.069,0.4943848051408749,0.511,0.8794874037692446
SKP1 (rep 1)__miRNA,248,84,0.929,0.506660682890719,0.507,0.8794874037692446
C22 GlcCer__Plasma,273,104,1.061,0.5226932445637709,0.524,0.8794874037692446
"2,2' di-22:6-BMP__Urine",568,223,1.039,0.5312358116561408,0.505,0.8794874037692446
FBXO7-005__miRNA,188,75,0.934,0.5340879045047333,0.541,0.8794874037692446
PtdEtn 16:0/22:6__Serum,617,238,0.96,0.5375609269417398,0.535,0.8794874037692446
Plasma Albumin__Plasma,311,116,1.051,0.5447148117101908,0.502,0.8794874037692446
PtdEtn 16:0/18:2__Serum,617,238,1.036,0.5482299620705144,0.507,0.8794874037692446
LAMP2__Cerebrospinal Fluid,191,79,0.941,0.5509061337669184,0.515,0.8794874037692446
PSMC4 (rep 1)__miRNA,248,84,1.062,0.551070653326708,0.514,0.8794874037692446
CSF Hemoglobin__Cerebrospinal Fluid,160,63,1.067,0.5601452448733766,0.533,0.8794874037692446
RPL13__miRNA,188,75,1.064,0.5647789024208975,0.494,0.8794874037692446
FBXO7-008__miRNA,188,75,0.937,0.5682399540429938,0.53,0.8794874037692446
SNCA-007__miRNA,188,75,1.066,0.5717983544477786,0.502,0.8794874037692446
Total SM__Plasma,273,104,1.054,0.5724817177183463,0.508,0.8794874037692446
PlsEtn 18:0/20:5__Serum,617,238,0.964,0.5726833269055461,0.525,0.8794874037692446
SNCA-E4E6__miRNA,188,75,0.935,0.5874688918617421,0.559,0.8794874037692446
UBE2K (rep 1)__miRNA,250,84,1.059,0.5885816971482434,0.503,0.8794874037692446
Ubiquitin__Cerebrospinal Fluid,191,79,1.056,0.5925701567492418,0.511,0.8794874037692446
MTDNA_DELETION__Cerebrospinal Fluid,338,123,0.956,0.5958489866514696,0.503,0.8794874037692446
GM2A__Cerebrospinal Fluid,191,79,1.057,0.5961977805705492,0.506,0.8794874037692446
PtdEtn 18:0/18:2__Serum,617,238,1.031,0.598642911630761,0.512,0.8794874037692446
C18 SM__Plasma,273,104,1.052,0.5993294231369481,0.477,0.8794874037692446
pS65 Ubiquitin__Plasma,332,148,1.04,0.6033581597720842,0.481,0.8794874037692446
GBA__Cerebrospinal Fluid,191,79,0.944,0.6091428588669725,0.506,0.8794874037692446
C22 SM__Cerebrospinal Fluid,273,104,0.953,0.609591798379741,0.499,0.8794874037692446
CSF lgG__Cerebrospinal Fluid,311,116,1.047,0.6270444454874511,0.489,0.8978136378570323
EGF ELISA__Plasma,141,47,0.93,0.6361776417318759,0.447,0.8991633608880594
Progranulin__Cerebrospinal Fluid,155,66,1.055,0.6375020653915341,0.496,0.8991633608880594
total di-22:6-BMP__Urine,568,223,1.028,0.6515413221907356,0.507,0.9081568393191631
PtdEtn 16:0/18:1__Serum,617,238,0.972,0.6534885192984454,0.519,0.9081568393191631
C16 SM__Plasma,273,104,1.042,0.666307437434116,0.518,0.9098549979995729
GPNMB__Cerebrospinal Fluid,190,79,0.954,0.6669439485239714,0.546,0.9098549979995729
HSPA8 (rep 2)__miRNA,250,84,0.957,0.6706711773518983,0.488,0.9098549979995729
PtdEtn 16:0/20:5__Serum,617,238,0.974,0.6739666651848688,0.52,0.9098549979995729
plasma lgG__Plasma,266,96,1.039,0.6918269680901863,0.499,0.9196808876497851
CATS__Cerebrospinal Fluid,191,79,0.96,0.6942184489586369,0.525,0.9196808876497851
C24 GlcCer__Plasma,273,104,1.037,0.6983798786266363,0.504,0.9196808876497851
LDL__Plasma,140,47,1.055,0.7027214060024632,0.526,0.9196808876497851
C22 GL2__Plasma,273,104,1.032,0.7151748323204798,0.516,0.9196808876497851
C18 Cer__Plasma,273,104,0.968,0.7207793777460922,0.539,0.9196808876497851
C24 Cer__Plasma,273,104,0.968,0.7211437831926484,0.513,0.9196808876497851
PtdEtn 18:0/20:4__Serum,617,238,0.978,0.7232200890215682,0.518,0.9196808876497851
PlsEtn 16:0/20:4__Serum,617,238,0.978,0.7328231076651632,0.525,0.9196808876497851
PtdEtn 18:0/18:1__Serum,617,238,0.98,0.7336246546708034,0.501,0.9196808876497851
PlsEtn 18:0/18:1__Serum,617,238,1.02,0.7347715028313098,0.49,0.9196808876497851
PlsEtn 18:0/20:4__Serum,617,238,1.02,0.7520885494378948,0.483,0.9229553962920396
GAPDH (rep 2)__miRNA,250,84,1.033,0.7573066469783657,0.49,0.9229553962920396
PlsEtn 16:0/22:6__Serum,617,238,0.981,0.7595021285210012,0.513,0.9229553962920396
C16 GlcCer__Plasma,273,104,1.029,0.7621942467890561,0.501,0.9229553962920396
PGK1 (rep 2)__miRNA,250,84,1.032,0.7650056256850138,0.511,0.9229553962920396
PTBP1__miRNA,89,30,0.951,0.7666878159674615,0.514,0.9229553962920396
GAPDH (rep 1)__miRNA,250,84,1.03,0.781548941842868,0.486,0.9266931011817087
CATB__Cerebrospinal Fluid,191,79,1.029,0.7825618587909795,0.498,0.9266931011817087
LAMP1__Cerebrospinal Fluid,191,79,0.973,0.7845020962384834,0.52,0.9266931011817087
Progranulin__Plasma,117,45,1.038,0.7928355823500196,0.463,0.9303322318109698
C23 SM__Plasma,273,104,1.024,0.7974657406673946,0.483,0.9303322318109698
GCase activity__Whole Blood,273,104,0.977,0.8028604091852838,0.522,0.9303322318109698
total di-18:1-BMP__Urine,568,223,0.987,0.8110394863664161,0.529,0.9303322318109698
C23 GL2__Plasma,273,104,0.978,0.81608083560062,0.53,0.9303322318109698
HSPA8 (rep 1)__miRNA,250,84,1.025,0.8171171983101639,0.525,0.9303322318109698
C20 GL2__Plasma,273,104,1.019,0.8362257732571097,0.488,0.9463872523688247
ABeta 1-42__Cerebrospinal Fluid,467,170,0.987,0.8554594883872281,0.501,0.9623919244356316
ABeta42__Cerebrospinal Fluid,811,223,0.99,0.8685751080396064,0.528,0.9713650616537609
SNCA-E3E4__miRNA,188,75,1.019,0.8742511139255416,0.488,0.9719615325407492
PlsEtn 18:0/22:6__Serum,617,238,1.01,0.8795524949922027,0.493,0.9721369681492766
C24 SM__Plasma,273,104,1.013,0.8919020488168314,0.493,0.9746856473944003
C23 GlcCer__Plasma,273,104,1.013,0.8921725767155093,0.491,0.9746856473944003
C24:1 SM__Plasma,273,104,1.012,0.9005057563250216,0.487,0.9781355629047649
LC3__Cerebrospinal Fluid,191,79,1.012,0.9126264800960412,0.487,0.9802495753286666
total GlcCer__Plasma,273,104,1.009,0.9227235093963093,0.495,0.9802495753286666
SNCA-3UTR-2__miRNA,188,75,1.011,0.9264283278411246,0.476,0.9802495753286666
C22 Cer__Plasma,273,104,0.993,0.9364616266407341,0.509,0.9802495753286666
C20 GlcCer__Plasma,273,104,0.993,0.9404110013504529,0.503,0.9802495753286666
HNF4A__miRNA,89,30,1.013,0.9456394800142734,0.525,0.9802495753286666
CATD__Cerebrospinal Fluid,190,79,1.008,0.9463889043145094,0.464,0.9802495753286666
UBE2K (rep 2)__miRNA,250,84,0.993,0.9501595276021937,0.508,0.9802495753286666
C18 GlcCer__Plasma,273,104,1.005,0.9579145477368761,0.5,0.9802495753286666
PtdEtn 16:0/20:4__Serum,617,238,1.003,0.9591798547474971,0.493,0.9802495753286666
SNCA-3UTR-1__miRNA,188,75,0.995,0.9633554059761635,0.537,0.9802495753286666
PSMC4 (rep 2)__miRNA,250,84,1.004,0.9646900582599576,0.509,0.9802495753286666
SKP1 (rep 2)__miRNA,250,84,0.998,0.9844641170992174,0.507,0.9898699539592939
PlsEtn 16:0/18:1__Serum,617,238,1.001,0.9851862018628398,0.489,0.9898699539592939
CATF__Cerebrospinal Fluid,191,79,1.001,0.9898699539592939,0.456,0.9898699539592939
