candidata,C_base+var,ganho_dC
scopa_gi,0.64,0.0054
CSFSAA,0.639,0.0042
NP1APAT,0.636,0.0013
orthostasis,0.636,0.0012
updrs1_score,0.636,0.0011
EDUCYRS,0.636,0.0007
stai,0.635,0.0001
urate,0.635,-0.0
NP1DDS,0.635,-0.0004
comp_marcha_pi,0.635,-0.0004
NP1HALL,0.634,-0.0007
upsit,0.634,-0.0008
bjlot,0.634,-0.0009
SDMTOTAL,0.634,-0.0012
gds,0.633,-0.0019
comp_axial,0.633,-0.0022
comp_tremor,0.633,-0.0022
pigd,0.633,-0.0023
hvlt_immediaterecall,0.631,-0.0044
NHY,0.63,-0.0045
VLTANIM,0.627,-0.0077
moca,0.627,-0.0083
