item,n,n_ev,HR_DP,p,C,p_FDR
NP2HOBB,1114,206,1.314,2.1643034959951417e-05,0.58,0.001182326283849486
NP2DRES,1114,206,1.283,5.6625649079562424e-05,0.572,0.001182326283849486
NP2FREZ,1114,206,1.258,5.9116314192474305e-05,0.58,0.001182326283849486
NP1FATG,1114,206,1.263,0.0001978721372453324,0.584,0.002968082058679986
NP3BRADY,1114,206,1.24,0.00043670747289079704,0.582,0.005240489674689565
NP2TURN,1114,206,1.233,0.0007412622874223486,0.574,0.007309567270600672
NP2EAT,1114,206,1.224,0.0008527828482367451,0.584,0.007309567270600672
NP2WALK,1114,206,1.208,0.0012674751098448026,0.565,0.008812698724302443
NP2HYGN,1114,206,1.209,0.0013219048086453664,0.592,0.008812698724302443
NP3LGAGL,1114,206,1.202,0.0019146296909683825,0.575,0.011487778145810295
NP3FTAPL,1114,206,1.204,0.0027992735002125933,0.554,0.015268764546614147
NP3RIGLU,1114,206,1.187,0.00568493206631378,0.547,0.027273967582807184
NP3TOT,1114,206,1.193,0.005909359642941557,0.556,0.027273967582807184
NP3TTAPL,1114,206,1.183,0.007130930954462086,0.572,0.028630868898781508
NP3HMOVL,1114,206,1.177,0.007157717224695377,0.548,0.028630868898781508
NP3RIGLL,1114,206,1.153,0.013333473270353871,0.562,0.05000052476382702
NP3RIGRL,1114,206,1.161,0.01427676732839254,0.548,0.0503885905707972
NP2RISE,1114,206,1.157,0.01871853566900263,0.545,0.062395118896675435
NP1DPRS,1114,206,1.153,0.024825845461869726,0.543,0.07839740672169387
NP1DDS,1111,206,1.098,0.032505912698283394,0.526,0.09751773809485019
NP3PRSPL,1114,206,1.139,0.0356329281126728,0.548,0.10180836603620802
NP3GAIT,1114,206,1.137,0.04289304799004088,0.558,0.11698103997283878
NP3RTALL,1114,206,1.112,0.05195183948829331,0.536,0.13552653779554774
NP1ANXS,1114,206,1.118,0.06677682619939093,0.562,0.16694206549847732
NP3LGAGR,1114,206,1.111,0.07166917088797274,0.552,0.17200601013113456
NP1SLPN,1114,206,1.109,0.08647579255965632,0.558,0.19955952129151458
NP3KTRML,1114,206,1.105,0.10145970608790782,0.523,0.22386275331563893
NP3FACXP,1114,206,1.106,0.10446928488063151,0.533,0.22386275331563893
NP3FRZGT,1114,206,1.106,0.10830690286611269,0.515,0.22408324730919868
NP2TRMR,1114,206,1.099,0.13625611504699178,0.518,0.27251223009398357
NP3RIGRU,1114,206,1.099,0.14096325415277688,0.523,0.2728321048118262
NP1HALL,1114,206,1.083,0.16308615307155638,0.511,0.30161791138806016
NP2SPCH,1114,206,1.09,0.16588985126343309,0.512,0.30161791138806016
NP1PAIN,1114,206,1.087,0.17802116757679268,0.546,0.30671146743757843
NP3FTAPR,1114,206,1.09,0.17891502267192078,0.51,0.30671146743757843
NP3PTRML,1114,206,1.084,0.1948852440842569,0.509,0.321600722650789
NP2HWRT,1114,206,1.085,0.19832044563465323,0.53,0.321600722650789
NP2SWAL,1114,206,1.073,0.2487451628292962,0.527,0.3865322945947972
NP3PSTBL,1114,206,1.068,0.2512459914866182,0.53,0.3865322945947972
NP3RIGN,1114,206,1.074,0.26439727119699524,0.531,0.3965959067954929
NP3RTARU,1114,206,0.938,0.288177309145063,0.523,0.42172289143179953
NP1APAT,1114,206,1.072,0.3011863338785362,0.525,0.4302661912550518
NP3RTCON,1114,206,0.938,0.31072273654877136,0.513,0.4335666091378205
NP3RTALU,1114,206,1.061,0.31876079214905517,0.524,0.43467380747598433
NP1SLPD,1114,206,1.056,0.37670536644866626,0.513,0.49984485174219845
NP3TTAPR,1114,206,1.057,0.3832143863356855,0.512,0.49984485174219845
NP3SPCH,1114,206,0.951,0.4296388186010406,0.517,0.5484750875757965
NP1LTHD,1114,206,1.05,0.4525371311360973,0.494,0.5656714139201215
NP2SALV,1114,206,1.043,0.4912450058317611,0.488,0.5902468915214656
NP3RTARL,1114,206,0.958,0.49187240960122136,0.499,0.5902468915214656
NP1URIN,1114,206,1.036,0.5631767084720019,0.501,0.6580181725856189
NP3PTRMR,1114,206,0.966,0.5702824162408697,0.507,0.6580181725856189
NP1CNST,1114,206,1.029,0.6624228364988252,0.5,0.7340511634829753
NP1COG,1114,206,1.029,0.6686650189886839,0.511,0.7340511634829753
NP3PRSPR,1114,206,0.974,0.6728802331927273,0.507,0.7340511634829753
NP3RISNG,1114,206,0.988,0.8476606630431338,0.496,0.9082078532605005
NP3RTALJ,1114,206,0.992,0.9054568741986694,0.507,0.9474611331314294
NP3KTRMR,1114,206,0.993,0.9158790953603818,0.502,0.9474611331314294
NP3POSTR,1114,206,1.002,0.9716030894854852,0.494,0.9841199741171743
NP3HMOVR,1114,206,1.001,0.9841199741171743,0.483,0.9841199741171743
