dominio,regiao,n,HR_DP,p,C,p_FDR
surface_area,lh_parsorbitalis,741,0.872,0.038025378003922146,0.541,0.9981407938888147
surface_area,rh_frontalpole,741,0.878,0.039771618296306925,0.565,0.9981407938888147
cortical_thickness,rh_pericalcarine,741,0.879,0.04377982489691597,0.543,0.9981407938888147
surface_area,rh_paracentral,741,0.88,0.05082620434980818,0.559,0.9981407938888147
surface_area,rh_parsopercularis,741,1.122,0.06574415865753606,0.544,0.9981407938888147
surface_area,rh_postcentral,741,0.89,0.07070094255393777,0.533,0.9981407938888147
surface_area,rh_posteriorcingulate,741,0.896,0.07710765341595778,0.526,0.9981407938888147
cortical_thickness,rh_fusiform,741,0.906,0.09236119222319057,0.527,0.9981407938888147
surface_area,lh_superiorfrontal,741,0.9,0.09796866544483687,0.54,0.9981407938888147
surface_area,rh_parsorbitalis,741,0.896,0.09889685418113942,0.531,0.9981407938888147
surface_area,rh_parahippocampal,741,0.9,0.1195725119317652,0.539,0.9981407938888147
cortical_thickness,rh_transversetemporal,741,1.105,0.13380685237046894,0.573,0.9981407938888147
surface_area,rh_caudalanteriorcingulate,741,0.912,0.1407858724470926,0.526,0.9981407938888147
surface_area,rh_supramarginal,741,0.91,0.14310960553382682,0.525,0.9981407938888147
surface_area,rh_isthmuscingulate,741,0.91,0.14878609300887569,0.534,0.9981407938888147
cortical_thickness,lh_entorhinal,741,0.919,0.16459238444206725,0.537,0.9981407938888147
surface_area,lh_caudalmiddlefrontal,741,0.914,0.16806429470475404,0.521,0.9981407938888147
cortical_thickness,lh_cuneus,741,0.917,0.17330969709070587,0.502,0.9981407938888147
surface_area,lh_insula,741,0.916,0.1874294267738621,0.533,0.9981407938888147
cortical_thickness,lh_parsorbitalis,741,1.088,0.1919612136457421,0.541,0.9981407938888147
cortical_thickness,lh_fusiform,741,0.926,0.19429914744939983,0.492,0.9981407938888147
cortical_thickness,rh_lingual,741,0.924,0.2048484237313173,0.512,0.9981407938888147
surface_area,rh_inferiorparietal,741,0.923,0.22206908651309787,0.533,0.9981407938888147
cortical_thickness,rh_superiorfrontal,741,1.086,0.22523590630549933,0.579,0.9981407938888147
cortical_thickness,lh_lingual,741,0.929,0.23858046607620265,0.512,0.9981407938888147
cortical_thickness,lh_pericalcarine,741,0.928,0.2489443950501155,0.497,0.9981407938888147
cortical_thickness,rh_frontalpole,741,1.076,0.26243076839878854,0.532,0.9981407938888147
surface_area,lh_rostralmiddlefrontal,741,0.933,0.2752740276314338,0.54,0.9981407938888147
surface_area,lh_frontalpole,741,0.935,0.28973076103929185,0.508,0.9981407938888147
cortical_thickness,rh_supramarginal,741,1.072,0.2964020936411007,0.574,0.9981407938888147
cortical_thickness,rh_caudalanteriorcingulate,741,1.069,0.3025368094775352,0.543,0.9981407938888147
surface_area,rh_fusiform,741,0.935,0.3098532645641448,0.529,0.9981407938888147
cortical_thickness,rh_parahippocampal,741,1.068,0.31276483732047117,0.532,0.9981407938888147
cortical_thickness,lh_lateralorbitofrontal,741,0.941,0.31386880377924065,0.52,0.9981407938888147
cortical_thickness,rh_entorhinal,741,0.941,0.3190620028324934,0.516,0.9981407938888147
cortical_thickness,lh_postcentral,741,0.941,0.32831522554506604,0.492,0.9981407938888147
cortical_thickness,lh_parsopercularis,741,1.066,0.3390593439809352,0.549,0.9981407938888147
surface_area,lh_superiorparietal,741,1.062,0.340565695211133,0.521,0.9981407938888147
cortical_thickness,rh_lateraloccipital,741,0.944,0.3529001528798067,0.494,0.9981407938888147
surface_area,lh_postcentral,741,0.942,0.35620514794997893,0.535,0.9981407938888147
cortical_thickness,lh_superiorfrontal,741,1.063,0.35858499641374053,0.564,0.9981407938888147
surface_area,lh_middletemporal,741,0.943,0.36574720057460064,0.517,0.9981407938888147
cortical_thickness,lh_rostralmiddlefrontal,741,1.061,0.3677928757143124,0.545,0.9981407938888147
cortical_thickness,lh_inferiorparietal,741,1.06,0.3690622602130217,0.563,0.9981407938888147
surface_area,lh_parstriangularis,741,0.942,0.37826588162664343,0.527,0.9981407938888147
cortical_thickness,lh_parstriangularis,741,1.058,0.3828900581469725,0.533,0.9981407938888147
surface_area,rh_medialorbitofrontal,741,0.949,0.4030216167399082,0.508,0.9981407938888147
cortical_thickness,lh_caudalmiddlefrontal,741,1.055,0.4071472607283796,0.556,0.9981407938888147
surface_area,lh_cuneus,741,1.051,0.41085568641774717,0.501,0.9981407938888147
cortical_thickness,rh_superiortemporal,741,1.053,0.43140606290345607,0.549,0.9981407938888147
cortical_thickness,rh_postcentral,741,1.052,0.4346387861773684,0.548,0.9981407938888147
surface_area,lh_precentral,741,0.955,0.4558898492686667,0.501,0.9981407938888147
cortical_thickness,rh_cuneus,741,0.954,0.4560477573938988,0.507,0.9981407938888147
surface_area,lh_entorhinal,741,1.044,0.4706751552421047,0.539,0.9981407938888147
cortical_thickness,rh_superiorparietal,741,1.048,0.4729056205816048,0.553,0.9981407938888147
surface_area,rh_WhiteSurfArea,741,0.956,0.4839537081512405,0.529,0.9981407938888147
surface_area,rh_rostralanteriorcingulate,741,0.958,0.4924750999620878,0.515,0.9981407938888147
cortical_thickness,lh_supramarginal,741,1.045,0.49386241946832,0.559,0.9981407938888147
surface_area,rh_caudalmiddlefrontal,741,1.043,0.49689781217270135,0.503,0.9981407938888147
cortical_thickness,rh_lateralorbitofrontal,741,0.96,0.4976813920204346,0.513,0.9981407938888147
surface_area,lh_posteriorcingulate,741,0.957,0.4978617549794182,0.515,0.9981407938888147
surface_area,lh_transversetemporal,741,1.043,0.4979763014655306,0.497,0.9981407938888147
surface_area,lh_isthmuscingulate,741,0.956,0.4998149090737567,0.532,0.9981407938888147
surface_area,lh_parsopercularis,741,1.042,0.5059841573568219,0.516,0.9981407938888147
cortical_thickness,lh_precentral,741,0.962,0.5346440140790435,0.476,0.9981407938888147
cortical_thickness,lh_transversetemporal,741,1.04,0.5412566516935411,0.538,0.9981407938888147
cortical_thickness,lh_temporalpole,741,1.041,0.5456183636712728,0.517,0.9981407938888147
cortical_thickness,lh_isthmuscingulate,741,0.964,0.5519012653208479,0.497,0.9981407938888147
cortical_thickness,lh_superiortemporal,741,1.038,0.557093170120776,0.554,0.9981407938888147
cortical_thickness,lh_rostralanteriorcingulate,741,1.038,0.557544468712187,0.516,0.9981407938888147
surface_area,lh_WhiteSurfArea,741,0.964,0.5744009280361553,0.523,0.9981407938888147
surface_area,rh_precentral,741,0.965,0.5813063296234454,0.519,0.9981407938888147
cortical_thickness,lh_superiorparietal,741,1.036,0.5817691389408255,0.544,0.9981407938888147
cortical_thickness,rh_paracentral,741,0.967,0.6066160287948906,0.478,0.9981407938888147
surface_area,rh_rostralmiddlefrontal,741,0.968,0.6068087575300161,0.535,0.9981407938888147
cortical_thickness,rh_inferiorparietal,741,1.033,0.6149084048325866,0.547,0.9981407938888147
surface_area,lh_temporalpole,741,0.969,0.620564946384959,0.522,0.9981407938888147
surface_area,rh_superiortemporal,741,0.97,0.6248413791209529,0.515,0.9981407938888147
surface_area,lh_lateraloccipital,741,1.03,0.6380859513308174,0.487,0.9981407938888147
cortical_thickness,lh_paracentral,741,0.972,0.6471489319087359,0.473,0.9981407938888147
surface_area,lh_superiortemporal,741,0.971,0.6481347441498871,0.522,0.9981407938888147
surface_area,rh_superiorparietal,741,0.972,0.653803901433162,0.507,0.9981407938888147
cortical_thickness,lh_lateraloccipital,741,0.973,0.6599325867194415,0.486,0.9981407938888147
surface_area,lh_fusiform,741,0.971,0.6638876019827102,0.507,0.9981407938888147
surface_area,rh_precuneus,741,0.973,0.6656703303555911,0.518,0.9981407938888147
cortical_thickness,rh_posteriorcingulate,741,1.028,0.6678734067432543,0.51,0.9981407938888147
surface_area,lh_inferiorparietal,741,0.973,0.670906062908312,0.51,0.9981407938888147
cortical_thickness,lh_parahippocampal,741,1.027,0.6800893545817668,0.504,0.9981407938888147
surface_area,lh_parahippocampal,741,0.975,0.6897429491147293,0.493,0.9981407938888147
cortical_thickness,rh_isthmuscingulate,741,0.978,0.6953862172650767,0.511,0.9981407938888147
cortical_thickness,rh_precentral,741,0.977,0.7113123525690783,0.458,0.9981407938888147
surface_area,rh_entorhinal,741,1.023,0.7175940197939652,0.511,0.9981407938888147
surface_area,rh_lateralorbitofrontal,741,1.023,0.7232336652909751,0.514,0.9981407938888147
surface_area,lh_rostralanteriorcingulate,741,0.978,0.7297195205649789,0.532,0.9981407938888147
cortical_thickness,rh_caudalmiddlefrontal,741,1.022,0.7326699077385371,0.559,0.9981407938888147
surface_area,lh_caudalanteriorcingulate,741,0.98,0.7493277587591258,0.513,0.9981407938888147
cortical_thickness,lh_precuneus,741,0.981,0.7511063993271456,0.479,0.9981407938888147
surface_area,rh_superiorfrontal,741,0.982,0.7666614936006819,0.511,0.9981407938888147
surface_area,rh_bankssts,741,0.982,0.7745877690940012,0.504,0.9981407938888147
surface_area,rh_inferiortemporal,741,1.019,0.7766700753209133,0.496,0.9981407938888147
cortical_thickness,rh_bankssts,741,0.983,0.781914169893795,0.471,0.9981407938888147
surface_area,lh_paracentral,741,0.983,0.7841234215241695,0.529,0.9981407938888147
cortical_thickness,lh_medialorbitofrontal,741,0.984,0.7898940155254262,0.512,0.9981407938888147
cortical_thickness,rh_parstriangularis,741,0.984,0.7926971412052229,0.475,0.9981407938888147
surface_area,lh_lingual,741,1.017,0.793672345721844,0.489,0.9981407938888147
surface_area,lh_precuneus,741,1.016,0.7998998148107308,0.487,0.9981407938888147
cortical_thickness,lh_frontalpole,741,1.016,0.8022685112761738,0.52,0.9981407938888147
cortical_thickness,lh_posteriorcingulate,741,0.986,0.8114167046688675,0.503,0.9981407938888147
surface_area,rh_lateraloccipital,741,1.014,0.8264583094784117,0.48,0.9981407938888147
cortical_thickness,rh_temporalpole,741,1.014,0.8320853369073529,0.529,0.9981407938888147
surface_area,rh_lingual,741,1.014,0.8322965008545063,0.483,0.9981407938888147
cortical_thickness,rh_parsopercularis,741,1.013,0.843632103994356,0.53,0.9981407938888147
cortical_thickness,rh_inferiortemporal,741,0.988,0.848926925248058,0.477,0.9981407938888147
surface_area,lh_pericalcarine,741,0.988,0.8567829169616442,0.52,0.9981407938888147
cortical_thickness,rh_precuneus,741,0.99,0.8663888021778093,0.47,0.9981407938888147
surface_area,lh_inferiortemporal,741,0.99,0.875357407175891,0.506,0.9981407938888147
surface_area,lh_medialorbitofrontal,741,0.99,0.875539806146215,0.481,0.9981407938888147
cortical_thickness,lh_insula,741,0.99,0.8774330932582747,0.502,0.9981407938888147
surface_area,lh_bankssts,741,1.01,0.8821571408774622,0.48,0.9981407938888147
cortical_thickness,rh_rostralmiddlefrontal,741,1.009,0.8841269598868305,0.532,0.9981407938888147
cortical_thickness,rh_middletemporal,741,0.991,0.8845517380627355,0.474,0.9981407938888147
surface_area,rh_cuneus,741,1.008,0.8947858524231916,0.482,0.9981407938888147
surface_area,rh_insula,741,0.992,0.9055688851111651,0.513,0.9981407938888147
cortical_thickness,rh_MeanThickness,741,1.007,0.909697225018986,0.554,0.9981407938888147
surface_area,rh_parstriangularis,741,1.006,0.918067219332175,0.507,0.9981407938888147
surface_area,lh_lateralorbitofrontal,741,0.994,0.9242100371540687,0.495,0.9981407938888147
cortical_thickness,lh_inferiortemporal,741,1.006,0.9257711644418075,0.544,0.9981407938888147
surface_area,rh_middletemporal,741,0.994,0.9286504660680902,0.5,0.9981407938888147
cortical_thickness,lh_middletemporal,741,0.995,0.9357954850360344,0.495,0.9981407938888147
cortical_thickness,rh_medialorbitofrontal,741,1.004,0.9550663359911782,0.51,0.9981407938888147
surface_area,rh_temporalpole,741,0.997,0.9597015969751909,0.504,0.9981407938888147
surface_area,rh_pericalcarine,741,0.997,0.9641816274012286,0.525,0.9981407938888147
cortical_thickness,rh_insula,741,0.998,0.9721792178016743,0.48,0.9981407938888147
cortical_thickness,rh_rostralanteriorcingulate,741,0.998,0.9738186078215084,0.491,0.9981407938888147
cortical_thickness,lh_bankssts,741,0.998,0.9742239146033264,0.486,0.9981407938888147
cortical_thickness,rh_parsorbitalis,741,0.998,0.9775104721467818,0.467,0.9981407938888147
cortical_thickness,lh_caudalanteriorcingulate,741,1.001,0.9848399331694909,0.521,0.9981407938888147
surface_area,lh_supramarginal,741,1.001,0.9906297989781772,0.49,0.9981407938888147
cortical_thickness,lh_MeanThickness,741,1.0,0.996512730244501,0.541,0.9981407938888147
surface_area,rh_transversetemporal,741,1.0,0.9981407938888147,0.486,0.9981407938888147
