variavel,n,n_ev,HR_DP,p,C,p_FDR
FF_FRZGT1W,635,33,1.271,0.02664963507840925,0.551,0.9526550936674669
OCF_FEATAPATHY,627,33,1.249,0.05381566613757815,0.598,0.9526550936674669
FF_FRZGT12M,635,33,1.22,0.06837270880890793,0.55,0.9526550936674669
OCF_FEATLMBAPX,627,33,1.153,0.10039332317508755,0.525,0.9526550936674669
OCF_FEATACTTRM,986,156,1.113,0.12327442122679964,0.505,0.9526550936674669
orthostatic_drop_dia,1115,206,0.907,0.13105521520742747,0.534,0.9526550936674669
OCF_FEATCOGFLC,986,156,1.106,0.15628189335653758,0.502,0.9526550936674669
OCF_FEATDYSTNA,986,156,1.093,0.21818928795297304,0.527,0.9526550936674669
FF_FLNFR1W,635,33,1.142,0.23626265129388418,0.55,0.9526550936674669
Park_FEATPOSINS,986,156,1.092,0.25994060272889297,0.535,0.9526550936674669
NE_SENRSP,1116,206,0.93,0.29943796078595364,0.515,0.9526550936674669
NE_CORDRSP,1116,206,0.941,0.3119089880978412,0.506,0.9526550936674669
FF_FLNFR12M,635,33,1.124,0.32025691111666954,0.539,0.9526550936674669
OCF_FEATDEPRES,627,33,1.128,0.3271698917133733,0.543,0.9526550936674669
NE_RFLXRSP,1116,206,0.944,0.34813106177473385,0.502,0.9526550936674669
OCF_FEATMYCLNS,986,156,0.913,0.4104756863747281,0.505,0.9526550936674669
HR_rise_stand,1115,206,0.95,0.4231812441291376,0.533,0.9526550936674669
OCF_FEATDYSPHG,986,156,0.927,0.4290400071110604,0.513,0.9526550936674669
OCF_FEATSBDERM,627,33,0.91,0.4740627877903085,0.517,0.9526550936674669
OCF_FEATDELHAL,627,33,0.91,0.5059588193850988,0.513,0.9526550936674669
OCF_FEATANXITY,627,33,1.086,0.5119345595883935,0.57,0.9526550936674669
OCF_FEATBWLDYS,986,156,0.947,0.520206516793028,0.519,0.9526550936674669
NQoL_upperUE,634,33,1.074,0.5687739438509678,0.487,0.9526550936674669
Park_FEATTREMOR,986,156,1.043,0.5762216772710138,0.505,0.9526550936674669
Park_FEATRIGID,986,156,0.959,0.6117274002610511,0.504,0.9526550936674669
OCF_FEATGZEPAL,627,33,0.934,0.6371766092789974,0.508,0.9526550936674669
OCF_FEATPYRTCT,627,33,0.939,0.6614162585643131,0.507,0.9526550936674669
OCF_FEATWDGAIT,986,156,0.954,0.6687540422382766,0.502,0.9526550936674669
OCF_FEATALCREP,626,33,0.95,0.67922335972345,0.521,0.9526550936674669
NQoL_cog,634,33,1.053,0.6942030913359738,0.517,0.9526550936674669
NE_MNTLRSP,628,32,0.946,0.6960781547117909,0.506,0.9526550936674669
OCF_FEATSUGRBD,627,33,0.953,0.6987201683564257,0.482,0.9526550936674669
OCF_FEATURNDYS,986,156,0.969,0.7014556314435301,0.505,0.9526550936674669
NE_MTRRSP,1116,206,1.021,0.7088838688754291,0.498,0.9526550936674669
OCF_FEATCRTSNS,627,33,0.951,0.7279567417630999,0.504,0.9526550936674669
OCF_FEATSHGAIT,627,33,1.04,0.7508481407229477,0.537,0.9526550936674669
NQoL_lowerLE,634,33,0.962,0.7516427952147253,0.508,0.9526550936674669
OCF_FEATSEXDYS,986,156,1.027,0.7673925982084682,0.489,0.9526550936674669
CGI_invest,321,13,1.055,0.7694982405167258,0.503,0.9526550936674669
OCF_FEATPOSHYP,986,156,0.977,0.7864141851279356,0.511,0.9526550936674669
OCF_FEATDYSART,627,33,1.027,0.8307763370864312,0.531,0.9526550936674669
OCF_FEATPST3YR,627,33,1.026,0.8447632229044345,0.499,0.9526550936674669
NQoL_comm,634,33,1.023,0.8561429706036607,0.533,0.9526550936674669
Park_PSGLVL,727,68,0.981,0.8702167581432176,0.516,0.9526550936674669
OCF_FEATSTPPOS,627,33,1.02,0.8760175470361471,0.504,0.9526550936674669
orthostatic_drop_sys,1115,206,1.008,0.8971724531884363,0.483,0.9526550936674669
OCF_FEATDIMOLF,627,33,0.986,0.9099826075119811,0.496,0.9526550936674669
Park_FEATBRADY,986,156,0.992,0.923458900004123,0.504,0.9526550936674669
NE_CNRSP,1116,206,0.995,0.9264736887361984,0.499,0.9526550936674669
OCF_FEATDCRARM,627,33,1.011,0.9339755820269283,0.488,0.9526550936674669
OCF_FEATMCRGRA,627,33,0.995,0.9692129898886735,0.478,0.9692129898886735
