dominio,variavel,n,n_ev,HR_DP,p,C,p_FDR
MRI FreeSurfer,CC_Central,740,209,1.192,0.004534071599831819,0.564,0.2210555229838841
Bioquímica/sangue,Serum Glucose,1042,195,0.793,0.004967539842334474,0.567,0.2210555229838841
Bioquímica/sangue,Lymphocytes,1021,192,1.142,0.01170483360919572,0.512,0.3472433970728064
MRI FreeSurfer,Left_choroid_plexus,740,209,0.854,0.01931486989036421,0.564,0.4297558550606037
Bioquímica/sangue,Serum Uric Acid,1040,195,0.87,0.03061335836741107,0.561,0.5449177789399171
MRI FreeSurfer,Right_choroid_plexus,740,209,0.87,0.04158244829860652,0.578,0.6168063164293301
MRI FreeSurfer,Right_Inf_Lat_Vent,740,209,0.863,0.04873923258322211,0.562,0.6196845285581097
MRI FreeSurfer,Left_Inf_Lat_Vent,740,209,0.87,0.06156823125694872,0.57,0.6849465727335545
Bioquímica/sangue,Basophils,1021,192,1.105,0.10847977778099085,0.495,0.8800167020650373
Bioquímica/sangue,MCV,526,22,1.234,0.14376592520356402,0.665,0.8800167020650373
Bioquímica/sangue,Hemoglobin,1021,192,0.915,0.14622888081705201,0.562,0.8800167020650373
MRI FreeSurfer,Left_vessel,740,209,0.903,0.15657205909532282,0.539,0.8800167020650373
Bioquímica/sangue,Total Bilirubin,1040,195,0.905,0.16201900796047083,0.551,0.8800167020650373
MRI FreeSurfer,CC_Mid_Anterior,740,209,1.088,0.1972775149951239,0.53,0.8800167020650373
MRI FreeSurfer,Right_vessel,740,209,0.894,0.21210066209656012,0.545,0.8800167020650373
Bioquímica/sangue,Basophils (%),1021,192,1.082,0.21846960416341496,0.501,0.8800167020650373
MRI FreeSurfer,3rd_Ventricle,740,209,0.916,0.2214799327318787,0.566,0.8800167020650373
Bioquímica/sangue,Lymphocytes (%),1021,192,1.082,0.2318695309420267,0.526,0.8800167020650373
Bioquímica/sangue,Monocytes (%),1021,192,0.922,0.23207562010041421,0.534,0.8800167020650373
MRI FreeSurfer,Left_Lateral_Ventricle,740,209,0.916,0.2349889219113355,0.556,0.8800167020650373
MRI FreeSurfer,Left_Amygdala,740,209,0.926,0.24336704860417052,0.506,0.8800167020650373
MRI FreeSurfer,CC_Mid_Posterior,740,209,1.077,0.24381631005060028,0.543,0.8800167020650373
MRI FreeSurfer,Left_Thalamus,740,209,1.075,0.24436304615994633,0.542,0.8800167020650373
Bioquímica/sangue,Platelets,1013,191,1.074,0.25313750882199126,0.521,0.8800167020650373
MRI FreeSurfer,Right_Lateral_Ventricle,740,209,0.919,0.25325870174755727,0.558,0.8800167020650373
MRI FreeSurfer,Left_Putamen,740,209,0.928,0.25708353094034797,0.52,0.8800167020650373
MRI FreeSurfer,CSF,740,209,1.077,0.2772220713863565,0.495,0.8832310746122628
Bioquímica/sangue,WBC,1021,192,1.07,0.2811536416592181,0.506,0.8832310746122628
Bioquímica/sangue,ALT (SGPT),1033,194,1.065,0.30307573607507987,0.472,0.8832310746122628
MRI FreeSurfer,Left_VentralDC,740,209,0.938,0.313303547525363,0.505,0.8832310746122628
MRI FreeSurfer,Right_Cerebellum_Cortex,740,209,0.939,0.3281977308492805,0.513,0.8832310746122628
MRI FreeSurfer,non_WM_hypointensities,740,209,0.909,0.33127032922582267,0.509,0.8832310746122628
Bioquímica/sangue,Hematocrit,1011,190,0.944,0.3464505441035748,0.541,0.8832310746122628
MRI FreeSurfer,Left_Pallidum,740,209,0.942,0.35221244548301234,0.535,0.8832310746122628
Bioquímica/sangue,Neutrophils (%),1021,192,0.94,0.3541507755833113,0.52,0.8832310746122628
Bioquímica/sangue,RBC,1021,192,0.945,0.36908603274841223,0.542,0.8832310746122628
MRI FreeSurfer,Left_Cerebellum_Cortex,740,209,0.945,0.3883802883329497,0.516,0.8832310746122628
MRI FreeSurfer,Brain_Stem,740,209,0.947,0.3983056546293624,0.512,0.8832310746122628
MRI FreeSurfer,Right_Pallidum,740,209,0.949,0.4045108819104739,0.51,0.8832310746122628
MRI FreeSurfer,WM_hypointensities,740,209,0.946,0.41112178498440755,0.542,0.8832310746122628
MRI FreeSurfer,Right_Amygdala,740,209,0.949,0.41804560950001735,0.506,0.8832310746122628
MRI FreeSurfer,Right_Thalamus,740,209,1.053,0.430473100980874,0.524,0.8832310746122628
Bioquímica/sangue,Creatinine(Rate Blanked)-2dp,554,26,0.896,0.4354873235241786,0.592,0.8832310746122628
MRI FreeSurfer,Right_Accumbens_area,740,209,0.952,0.43665356497684904,0.489,0.8832310746122628
Bioquímica/sangue,Urea Nitrogen,1040,195,0.955,0.45949494497235266,0.541,0.8882261440213062
MRI FreeSurfer,TotalGrayVol,740,209,0.955,0.465741246996245,0.512,0.8882261440213062
MRI FreeSurfer,rhCortexVol,740,209,0.956,0.4766614568236174,0.512,0.8882261440213062
MRI FreeSurfer,MaskVol,740,209,0.956,0.4790433136294685,0.529,0.8882261440213062
MRI FreeSurfer,CortexVol,740,209,0.96,0.5104805853477439,0.511,0.9271994305295755
MRI FreeSurfer,lhCortexVol,740,209,0.963,0.5470498119915996,0.51,0.9554607275317372
MRI FreeSurfer,BrainSegVol,740,209,0.965,0.5725038864226166,0.514,0.9554607275317372
MRI FreeSurfer,5th_Ventricle,740,209,1.031,0.5880081695968269,0.497,0.9554607275317372
MRI FreeSurfer,SupraTentorialVol,740,209,0.967,0.596473041699429,0.517,0.9554607275317372
MRI FreeSurfer,Right_VentralDC,740,209,0.969,0.6237310829563671,0.502,0.9554607275317372
Bioquímica/sangue,Serum Sodium,1040,195,0.967,0.6267671469761584,0.523,0.9554607275317372
MRI FreeSurfer,EstimatedTotalIntraCranialVol,740,209,0.97,0.6294756200163967,0.526,0.9554607275317372
MRI FreeSurfer,Right_Putamen,740,209,0.968,0.6430824376180571,0.512,0.9554607275317372
MRI FreeSurfer,CC_Posterior,740,209,1.029,0.6612919986400018,0.504,0.9554607275317372
Bioquímica/sangue,AST (SGOT),1039,195,1.029,0.6662710457938236,0.462,0.9554607275317372
MRI FreeSurfer,BrainSegVolNotVent,740,209,0.973,0.6680497103233296,0.506,0.9554607275317372
MRI FreeSurfer,CC_Anterior,740,209,1.029,0.6683347537043789,0.509,0.9554607275317372
MRI FreeSurfer,4th_Ventricle,740,209,1.029,0.6711289921362134,0.493,0.9554607275317372
MRI FreeSurfer,Right_Caudate,740,209,0.972,0.67633736892696,0.527,0.9554607275317372
Bioquímica/sangue,Total Protein,1040,195,1.026,0.6913188077319918,0.491,0.9567032665746016
MRI FreeSurfer,SupraTentorialVolNotVent,740,209,0.976,0.7047715021952778,0.508,0.9567032665746016
MRI FreeSurfer,rhSurfaceHoles,740,209,1.022,0.720133190583551,0.501,0.9567032665746016
Bioquímica/sangue,Albumin-BCG,556,26,1.05,0.7202148186572843,0.582,0.9567032665746016
Bioquímica/sangue,Serum Potassium,1040,195,1.021,0.7469412010852212,0.488,0.9619422314265875
MRI FreeSurfer,SubCortGrayVol,740,209,0.979,0.7504069344271376,0.498,0.9619422314265875
Bioquímica/sangue,Neutrophils,1021,192,1.02,0.7588788923055183,0.501,0.9619422314265875
Bioquímica/sangue,Serum Bicarbonate,1029,194,0.982,0.7686572469822762,0.497,0.9619422314265875
MRI FreeSurfer,SurfaceHoles,740,209,1.017,0.7867256042797196,0.491,0.9619422314265875
Bioquímica/sangue,Calcium (EDTA),1043,195,1.019,0.791670473344612,0.466,0.9619422314265875
Bioquímica/sangue,Serum Chloride,1043,195,0.984,0.8195286566236684,0.526,0.9619422314265875
Bioquímica/sangue,Monocytes,1021,192,0.986,0.8324120369556961,0.521,0.9619422314265875
MRI FreeSurfer,Left_Cerebellum_White_Matter,740,209,1.012,0.8487887528129093,0.529,0.9619422314265875
MRI FreeSurfer,Left_Hippocampus,740,209,0.988,0.8509122943755297,0.494,0.9619422314265875
MRI FreeSurfer,lhSurfaceHoles,740,209,1.011,0.8520414584179014,0.492,0.9619422314265875
MRI FreeSurfer,Left_Caudate,740,209,0.988,0.8538588346370832,0.513,0.9619422314265875
MRI FreeSurfer,Right_Cerebellum_White_Matter,740,209,0.991,0.8920702020246516,0.479,0.9876930634245034
Bioquímica/sangue,Eosinophils (%),1021,192,0.991,0.9010615822146367,0.519,0.9876930634245034
MRI FreeSurfer,rhCerebralWhiteMatterVol,740,209,0.994,0.924458893241976,0.504,0.9876930634245034
MRI FreeSurfer,CerebralWhiteMatterVol,740,209,0.995,0.937348967430523,0.503,0.9876930634245034
MRI FreeSurfer,lhCerebralWhiteMatterVol,740,209,0.996,0.9503862849353966,0.502,0.9876930634245034
MRI FreeSurfer,Optic_Chiasm,740,209,0.996,0.9535295802789462,0.499,0.9876930634245034
Bioquímica/sangue,Eosinophils,1021,192,0.997,0.9672125504638801,0.517,0.9876930634245034
MRI FreeSurfer,Right_Hippocampus,740,209,0.998,0.9773486513709027,0.497,0.9876930634245034
Bioquímica/sangue,Alkaline Phosphatase-QT,1040,195,1.002,0.9799460957160756,0.508,0.9876930634245034
MRI FreeSurfer,Left_Accumbens_area,740,209,1.001,0.9876930634245034,0.523,0.9876930634245034
