SITE,n,events,C
10,14,6,0.5833333333333334
13,28,11,0.7272727272727273
14,27,8,0.5486725663716814
19,45,5,0.7171717171717171
20,16,3,0.9130434782608695
21,19,2,0.7916666666666666
22,25,6,0.8148148148148148
24,24,9,0.7889908256880734
26,91,33,0.6787527193618564
28,18,9,0.5862068965517241
29,16,2,0.75
31,39,3,0.5555555555555556
33,35,7,0.7846153846153846
34,12,6,0.44
35,33,6,0.5694444444444444
36,20,2,0.8928571428571429
37,22,11,0.638095238095238
39,13,3,0.3181818181818182
61,29,4,0.7346938775510204
62,32,2,0.8571428571428571
67,20,2,0.75
70,12,2,0.9
72,22,3,0.25
