threshold,net_benefit_model,net_benefit_treat_all,net_benefit_treat_none,proportion_flagged
0.05,0.20023732479882503,0.20023732479882503,0.0,1.0
0.06,0.1922215856594734,0.19172921123285508,0.0,0.998769987699877
0.07,0.18406306162362646,0.1830381274826707,0.0,0.997539975399754
0.08,0.1753311034755437,0.17415810712922147,0.0,0.992619926199262
0.09,0.16595412059704498,0.16508292149327886,0.0,0.980319803198032
0.1,0.1577800531985099,0.1558060650654264,0.0,0.964329643296433
0.11,0.13892798264276873,0.146320739953802,0.0,0.9458794587945879
0.12,0.12563158029545157,0.13661983927145882,0.0,0.9015990159901599
0.13,0.11901997474541505,0.12669592937802732,0.0,0.8585485854858549
0.14,0.11410134167575235,0.11654123088242299,0.0,0.8179581795817958
0.15,0.10755430392346906,0.10614759830456913,0.0,0.7699876998769988
0.16,0.10625276806057227,0.0955064982843854,0.0,0.7158671586715867
0.17,0.10822907429574918,0.0846089862155226,0.0,0.6691266912669127
0.18,0.10556152813201153,0.07344568116937039,0.0,0.6223862238622386
0.19,0.09431127424470616,0.06200673896158493,0.0,0.5719557195571956
0.2,0.08610364408700007,0.05028182319860472,0.0,0.5325953259532595
0.21,0.08099750799060583,0.038260074125169324,0.0,0.4870848708487085
0.22,0.08038073867731156,0.02593007507549197,0.0,0.46002460024600245
0.23,0.06916006222477879,0.01327981631023864,0.0,0.42558425584255843
0.24,0.06816371931593303,0.00029665599853126445,0.0,0.3874538745387454
0.25,0.06529540844024583,-0.013032721921488355,0.0,0.3591635916359164
0.26,0.052695781534207606,-0.02672235329880579,0.0,0.3210332103321033
0.27,0.05945123058818378,-0.04078704307002223,0.0,0.2865928659286593
0.28,0.05300648012948189,-0.05524241866821705,0.0,0.25461254612546125
0.29,0.04024598577003386,-0.07010498794523418,0.0,0.2177121771217712
0.3,0.03974114064445724,-0.08539220205873754,0.0,0.1980319803198032
0.31,0.035915199145544724,-0.10112252382770476,0.0,0.1795817958179582
0.32,0.02932452268324679,-0.1173155021192887,0.0,0.16113161131611317
0.33,0.025598452417911227,-0.13399185289718846,0.0,0.14637146371463713
0.34,0.013702649449963043,-0.15117354763805496,0.0,0.13530135301353013
0.35,0.011615557688555128,-0.16888390990940966,0.0,0.12915129151291513
0.36,0.01302999409782668,-0.1871477210017442,0.0,0.11931119311193111
0.37,0.016718974047432437,-0.2059913356208195,0.0,0.1070110701107011
0.38,0.02297813903030521,-0.2254428087759941,0.0,0.0971709717097171
0.39,0.017635842890607382,-0.24553203514937105,0.0,0.08241082410824108
0.4,0.013555467726037065,-0.2662909024018606,0.0,0.07380073800738007
0.41,0.006555722756111933,-0.2877534600696888,0.0,0.07011070110701106
0.42,0.009647133627617637,-0.3099561059329591,0.0,0.06396063960639606
0.43,0.009695294206792854,-0.3329377920019584,0.0,0.05904059040590406
0.44,0.009021735892099425,-0.356740252573422,0.0,0.056580565805658053
0.45,0.0011136046642355527,-0.38140825716566606,0.0,0.05043050430504305
0.46,0.0002582696643276122,-0.4069898915576228,0.0,0.04920049200492005
0.47,-0.0030813642825316644,-0.4335368706436157,0.0,0.04797047970479705
0.48,-0.0015326227732469395,-0.46110488738676225,0.0,0.04551045510455105
0.49,0.00024285501688860525,-0.4897540028257181,0.0,0.04305043050430504
0.5,0.002974411941442795,-0.5195490828822328,0.0,0.038130381303813035
