LEDTRT,count
azilect,157
rasagiline,153
selegiline,78
entacapone,78
azilect (rasagiline),63
ongentys (opicapone),20
xadago (safinamide),16
trihexyphenidyl,15
artane (trihexyphenidyl tablet),10
nourianz (istradefylline),10
safinamide,9
rasagaline,9
selegeline,8
xadago,8
opicapone,8
trihexyphenidyl tablet,8
trihexphenidyl,7
comtan,7
trihexyphenidyl (artane),4
dopicar 250/25,4
rasageline,4
levocomp retard,4
rasagilina,3
entacapon,2
artane (trihexyphenidyl elixir),2
opicapon,2
rasagiline mesylate,2
entacapone 200 mg,2
eldepryl (selegiline),2
inbrija,2
dopicar 250/50,2
entacaprone,1
entacapone 200mg,1
entacaopne 200mg,1
trihexyphenidol,1
sinement,1
entcapone,1
rasigaline,1
rytari er (23.75/95 mg),1
eldepryl,1
neuropatch,1
zonegran (zonisamide),1
sinement 25/100,1
sinamet 25/100,1
selegiline hydrochloride,1
trihexyphenidate,1
selegelina,1
rasagilima,1
rasagiline (azilect),1
entacapone (200mg),1
tolcapone,1
selegilin,1
rasalgiline,1
azilect 1,1
rasigiline,1
comtan (entacapone),1
levocomp ret. 100/25,1
azilekt,1
rytari (36.25/145mg),1
rasagilene,1
selegilene,1
cogentin (benztropine),1
entacapone (200 mg),1
rasagilin,1
hipokinon (trihexyphenidyl),1
istradefylline,1
