subgroup,n,events,C,C_lo,C_hi,OE,slope,at_risk
Whole cohort,813,165,0.6989765887557674,0.6490837284605028,0.7458383196755783,1.0180054193569588,1.0672696997232007,325
Men,522,94,0.681613131148432,0.6093441255574628,0.7507319881597075,0.9862327088724087,1.1544948809329783,220
Women,291,71,0.6708008504606662,0.6015720079583716,0.7387698084533704,1.0579012089624713,0.9490343058353254,105
"Age at onset, tertile 1 (28 to 58 years)",271,84,0.6732893971699941,0.6089503318339586,0.7385787938897883,1.2146299548281485,0.9780246686238178,118
"Age at onset, tertile 2 (58 to 66 years)",271,52,0.6272238311956971,0.5156434844027851,0.7275637041625189,1.0649265280333506,0.8852587268555441,101
"Age at onset, tertile 3 (66 to 84 years)",271,29,0.6561771561771562,0.47822231940728543,0.8035764875980578,0.5373649981330001,0.9190498893989739,106
Recruitment wave 1 (2010 to 2019),392,145,0.6766475070177784,0.6276381564419318,0.725083884347371,1.0785861630813285,1.0832279892670658,270
Recruitment wave 2 (2020 to 2025),421,20,0.7489283527250459,0.6324648884932178,0.83849253996097,0.8195094135859793,0.9879070542514788,55
White,754,156,0.7079945501692084,0.6549067459421407,0.7547366404169557,1.046927815029687,1.2573107042431062,304
All other races,53,9,0.6033755274261603,0.36159701269231725,0.7804310049074447,0.8985928438457453,0.4009708319508084,18
