tempo-zero,desfecho,trunc,n,ev,inc_5a,C,HR_UPDRStot,HR_ageonset,HR_NP2FREZ
levodopa,any (>=1),right-cens,816,324,0.57,0.661,1.011,0.977,1.277
levodopa,any (>=1),exclui-prevalentes,784,292,0.551,0.649,1.009,0.978,1.285
levodopa,primaria (>=2 OU),right-cens,819,166,0.242,0.711,1.018,0.971,1.311
levodopa,primaria (>=2 OU),exclui-prevalentes,812,159,0.235,0.693,1.016,0.972,1.282
levodopa,4.1>=2 (Martinez),right-cens,819,144,0.225,0.712,1.018,0.971,1.384
levodopa,4.1>=2 (Martinez),exclui-prevalentes,813,138,0.219,0.696,1.016,0.973,1.381
1a-dopaminergica,any (>=1),right-cens,819,328,0.4,0.601,1.01,0.993,0.997
1a-dopaminergica,any (>=1),exclui-prevalentes,794,303,0.379,0.584,1.009,0.993,1.021
1a-dopaminergica,primaria (>=2 OU),right-cens,819,166,0.151,0.666,1.018,0.985,1.127
1a-dopaminergica,primaria (>=2 OU),exclui-prevalentes,816,163,0.148,0.659,1.017,0.984,1.11
1a-dopaminergica,4.1>=2 (Martinez),right-cens,819,144,0.144,0.672,1.018,0.985,1.213
1a-dopaminergica,4.1>=2 (Martinez),exclui-prevalentes,816,141,0.14,0.665,1.017,0.983,1.196
