index_seed,selected
0,ageonset|NP1DPRS|NP2FREZ|NP1FATG|BMI|updrs1_score
1,ageonset|updrs_totscore|td_pigd_ratio|SEX|hy|NP2FREZ
2,updrs_totscore|ageonset|td_pigd_ratio|SEX|NP2FREZ|EDUCYRS
3,MSEADLG|ageonset|BMI|EDUCYRS|NP1DPRS|comp_bradicinesia
4,MSEADLG|td_pigd_ratio|updrs_totscore|SEX|hy|ageonset
5,updrs_totscore|ageonset|SEX|NP2FREZ|updrs1_score|hy
6,NP1FATG|EDUCYRS|ageonset|BMI|td_pigd_ratio|NP2FREZ
7,MSEADLG|ageonset|SEX|comp_bradicinesia|BMI|NP2FREZ
8,NP1FATG|ageonset|BMI|NP2FREZ|td_pigd_ratio|SEX
9,ageonset|NP2FREZ|SEX|updrs_totscore|hy|BMI
10,ageonset|MSEADLG|SEX|NP1DPRS|BMI|pigd
11,MSEADLG|NP2FREZ|ageonset|scopa_gi|updrs3_score|BMI
12,ageonset|SEX|NP1FATG|BMI|td_pigd_ratio|EDUCYRS
13,pigd|EDUCYRS|SEX|scopa_gi|ageonset|BMI
14,ageonset|updrs_totscore|SEX|NP2FREZ|scopa_gi|pigd
15,ageonset|Clinical_Stage|SEX|BMI|td_pigd_ratio|NP1DPRS
16,ageonset|NP2FREZ|NP1FATG|updrs1_score|SEX|BMI
17,td_pigd_ratio|NP1FATG|ageonset|pigd|SEX|NP2FREZ
18,ageonset|MSEADLG|BMI|NP1FATG|pigd|SEX
19,ageonset|MSEADLG|NP1DPRS|NP2FREZ|BMI|EDUCYRS
20,MSEADLG|SEX|ageonset|NP2FREZ|updrs_totscore|BMI
21,ageonset|updrs_totscore|SEX|NP2FREZ|BMI|td_pigd_ratio
22,updrs_totscore|NP2FREZ|ageonset|SEX|comp_bradicinesia|hy
23,ageonset|EDUCYRS|MSEADLG|NP2FREZ|BMI|scopa_gi
24,ageonset|SEX|NP2FREZ|MSEADLG|BMI|NP1DPRS
25,ageonset|updrs_totscore|BMI|EDUCYRS|SEX|NP1DPRS
26,ageonset|MSEADLG|NP2FREZ|BMI|SEX|EDUCYRS
27,MSEADLG|NP2FREZ|EDUCYRS|ageonset|td_pigd_ratio|updrs3_score
28,ageonset|MSEADLG|BMI|SEX|updrs3_score|NP1DPRS
29,ageonset|td_pigd_ratio|updrs_totscore|EDUCYRS|comp_bradicinesia|BMI
30,updrs2_score|ageonset|SEX|NP1FATG|MSEADLG|BMI
31,ageonset|SEX|NP2FREZ|MSEADLG|BMI|EDUCYRS
32,ageonset|td_pigd_ratio|NP1FATG|NP2FREZ|pigd|NP1DPRS
33,updrs_totscore|td_pigd_ratio|SEX|EDUCYRS|hy|NP2FREZ
34,ageonset|updrs2_score|SEX|EDUCYRS|BMI|updrs_totscore
35,ageonset|SEX|MSEADLG|NP1FATG|BMI|hy
36,ageonset|td_pigd_ratio|BMI|updrs1_score|NP2FREZ|updrs3_score
37,ageonset|SEX|MSEADLG|BMI|Clinical_Stage|NP2FREZ
38,MSEADLG|ageonset|BMI|NP2FREZ|updrs1_score|td_pigd_ratio
39,ageonset|NP2FREZ|BMI|NP1FATG|td_pigd_ratio|NP1DPRS
40,ageonset|td_pigd_ratio|NP1DPRS|updrs3_score|SEX|NP2FREZ
41,td_pigd_ratio|NP2FREZ|ageonset|NP1FATG|BMI|scopa_gi
42,ageonset|BMI|MSEADLG|NP2FREZ|NP1FATG|SEX
43,ageonset|td_pigd_ratio|MSEADLG|BMI|EDUCYRS|SEX
44,updrs_totscore|ageonset|NP2FREZ|BMI|hy|td_pigd_ratio
45,ageonset|MSEADLG|SEX|NP2FREZ|td_pigd_ratio|BMI
46,updrs2_score|ageonset|SEX|EDUCYRS|BMI|NP1FATG
47,td_pigd_ratio|SEX|EDUCYRS|ageonset|NP2FREZ|updrs3_score
48,ageonset|pigd|updrs3_score|td_pigd_ratio|comp_bradicinesia|SEX
49,ageonset|updrs_totscore|td_pigd_ratio|BMI|hy|NP1DPRS
50,updrs_totscore|ageonset|td_pigd_ratio|comp_bradicinesia|EDUCYRS|SEX
51,Clinical_Stage|SEX|EDUCYRS|MSEADLG|updrs1_score|scopa_gi
52,ageonset|updrs3_score|EDUCYRS|td_pigd_ratio|hy|SEX
53,ageonset|NP1FATG|SEX|Clinical_Stage|EDUCYRS|updrs1_score
54,ageonset|EDUCYRS|td_pigd_ratio|NP1FATG|BMI|hy
55,ageonset|NP2FREZ|NP1FATG|BMI|td_pigd_ratio|SEX
56,updrs_totscore|td_pigd_ratio|ageonset|NP1DPRS|scopa_gi|SEX
57,ageonset|Clinical_Stage|SEX|EDUCYRS|td_pigd_ratio|scopa_gi
58,ageonset|EDUCYRS|Clinical_Stage|NP2FREZ|BMI|hy
59,ageonset|NP2FREZ|NP1FATG|EDUCYRS|SEX|MSEADLG
60,ageonset|updrs2_score|SEX|updrs1_score|updrs_totscore|td_pigd_ratio
61,NP1FATG|td_pigd_ratio|BMI|ageonset|NP2FREZ|MSEADLG
62,BMI|ageonset|updrs_totscore|hy|EDUCYRS|NP2FREZ
63,ageonset|MSEADLG|BMI|comp_bradicinesia|SEX|NP2FREZ
64,MSEADLG|ageonset|SEX|BMI|NP2FREZ|EDUCYRS
65,SEX|EDUCYRS|Clinical_Stage|td_pigd_ratio|updrs3_score|updrs_totscore
66,ageonset|updrs_totscore|td_pigd_ratio|SEX|NP2FREZ|BMI
67,pigd|ageonset|BMI|SEX|Clinical_Stage|td_pigd_ratio
68,ageonset|NP2FREZ|SEX|NP1DPRS|updrs_totscore|hy
69,ageonset|BMI|td_pigd_ratio|NP1FATG|NP2FREZ|SEX
70,updrs_totscore|td_pigd_ratio|ageonset|NP2FREZ|NP1FATG|EDUCYRS
71,MSEADLG|NP2FREZ|ageonset|BMI|updrs3_score|SEX
72,updrs_totscore|ageonset|BMI|NP2FREZ|updrs1_score|NP1DPRS
73,updrs_totscore|ageonset|SEX|BMI|NP1FATG|updrs2_score
74,ageonset|NP2FREZ|BMI|comp_bradicinesia|SEX|updrs3_score
75,ageonset|NP2FREZ|updrs_totscore|SEX|NP1DPRS|EDUCYRS
76,MSEADLG|SEX|updrs2_score|EDUCYRS|ageonset|NP1DPRS
77,ageonset|NP1DPRS|EDUCYRS|BMI|NP1FATG|td_pigd_ratio
78,MSEADLG|td_pigd_ratio|ageonset|BMI|NP2FREZ|SEX
79,ageonset|pigd|BMI|scopa_gi|updrs3_score|hy
80,updrs_totscore|ageonset|NP2FREZ|BMI|hy|updrs2_score
81,updrs_totscore|SEX|NP2FREZ|ageonset|NP1DPRS|EDUCYRS
82,updrs_totscore|ageonset|td_pigd_ratio|SEX|MSEADLG|scopa_gi
83,MSEADLG|BMI|ageonset|NP2FREZ|updrs3_score|SEX
84,MSEADLG|NP2FREZ|ageonset|BMI|hy|comp_bradicinesia
85,ageonset|NP1FATG|hy|BMI|NP2FREZ|updrs_totscore
86,NP1FATG|NP2FREZ|ageonset|MSEADLG|SEX|NP1DPRS
87,ageonset|td_pigd_ratio|Clinical_Stage|BMI|EDUCYRS|scopa_gi
88,ageonset|NP2FREZ|scopa_gi|SEX|EDUCYRS|hy
89,ageonset|NP2FREZ|BMI|MSEADLG|SEX|td_pigd_ratio
90,ageonset|NP2FREZ|updrs3_score|NP1DPRS|td_pigd_ratio|updrs_totscore
91,ageonset|Clinical_Stage|BMI|MSEADLG|td_pigd_ratio|NP1DPRS
92,NP1FATG|EDUCYRS|SEX|hy|updrs_totscore|td_pigd_ratio
93,ageonset|NP1FATG|BMI|td_pigd_ratio|NP2FREZ|updrs3_score
94,td_pigd_ratio|NP2FREZ|ageonset|NP1FATG|BMI|EDUCYRS
95,updrs2_score|ageonset|NP2FREZ|BMI|updrs_totscore|td_pigd_ratio
96,MSEADLG|ageonset|SEX|td_pigd_ratio|EDUCYRS|NP1FATG
97,ageonset|NP2FREZ|MSEADLG|SEX|td_pigd_ratio|BMI
98,ageonset|NP1DPRS|updrs3_score|pigd|BMI|hy
99,ageonset|NP2FREZ|EDUCYRS|Clinical_Stage|SEX|td_pigd_ratio
