variable,included,excluded,p,n_excluded
Total MDS-UPDRS,42.0 [32.0 to 53.0],34.0 [24.0 to 45.0],3.208797942921288e-13,268
"Age at onset, years",62.0 [54.9 to 68.3],61.6 [54.9 to 66.5],0.31314600228450407,176
Body-mass index,26.2 [23.9 to 29.6],25.8 [23.7 to 28.9],0.2502570751019294,289
TD/PIGD ratio,1.6 [0.8 to 3.0],0.9 [0.2 to 1.8],1.303832812458316e-07,143
"Follow-up, years",2.4 [1.3 to 4.7],2.7 [1.3 to 5.9],0.06416405248212333,628
MDS-UPDRS Part I,7.0 [4.0 to 10.0],7.0 [4.0 to 11.0],0.6792480655639661,292
MDS-UPDRS Part II,9.0 [6.0 to 13.0],6.0 [4.0 to 10.0],3.310987045406813e-13,301
MDS-UPDRS Part III,26.0 [19.0 to 35.0],21.0 [12.0 to 30.0],7.893261500346008e-14,275
Male sex,64.2%,66.0%,0.6309413717426293,297
Freezing of gait (item 2.13) above zero,18.0%,9.3%,0.0005798264000831199,301
Reached the outcome,20.3%,21.8%,0.523641596907968,628
