1|8|10|11|12|14|19,0.651565
0|2|8|12|17|18|19,0.668590
2|4|6|13|14|15|19,0.631954
2|3|5|7|11|14|15,0.647027
3|9|10|13|15|16|19,0.630304
1|2|4|5|7|14|15,0.636266
0|3|8|9|13|17|18,0.669785
0|3|5|9|11|15|18,0.644914
0|1|3|7|11|16|18,0.652246
0|1|2|8|11|16|18,0.668049
1|2|11|13|14|17|19,0.610109
0|1|2|5|6|10|11,0.626524
3|4|5|8|13|15|19,0.671114
0|5|6|11|13|16|18,0.631635
1|2|4|5|10|12|16,0.615091
2|3|7|9|11|12|19,0.645106
0|1|2|6|8|11|12,0.665664
1|3|5|12|13|17|18,0.621134
0|1|3|4|6|7|10,0.654497
2|5|7|8|11|16|18,0.671116
1|9|13|16|17|18|19,0.597422
1|9|12|13|14|16|18,0.600973
4|9|10|12|15|16|19,0.621823
0|2|3|5|7|9|16,0.649040
0|3|5|6|10|12|18,0.642962
5|8|9|10|12|14|19,0.655606
0|1|4|8|9|13|19,0.667805
1|5|8|9|11|13|14,0.643163
2|3|5|12|16|18|19,0.621217
1|2|5|7|10|16|17,0.632867
7|8|9|10|12|16|17,0.663209
0|1|7|8|9|11|19,0.680439
2|4|6|8|9|17|19,0.663224
0|1|2|9|13|15|16,0.623060
1|2|7|8|14|16|17,0.664542
1|4|14|15|17|18|19,0.621497
1|3|4|6|13|14|16,0.634951
0|3|6|14|15|18|19,0.638894
1|3|6|8|14|15|17,0.657056
0|3|5|6|11|13|16,0.645285
3|8|9|12|15|18|19,0.662652
0|1|4|7|9|12|13,0.631343
1|2|4|5|9|11|13,0.607749
2|3|6|9|13|16|17,0.619140
0|2|5|7|9|15|17,0.638756
5|7|12|14|15|16|17,0.621898
0|1|5|8|9|15|17,0.668315
1|6|7|10|13|14|17,0.625794
0|5|7|10|14|18|19,0.634132
0|1|2|3|8|11|16,0.667831
3|6|7|12|13|18|19,0.641142
0|4|6|10|11|12|14,0.597263
0|5|8|10|11|12|17,0.666435
2|3|13|15|16|17|18,0.627011
1|2|7|9|10|12|17,0.629635
0|3|4|5|6|13|19,0.645595
0|4|9|10|11|16|18,0.595895
3|5|6|9|11|13|19,0.628445
0|2|3|4|5|9|10,0.636309
5|6|7|8|9|14|16,0.660040
0|1|2|3|10|14|15,0.637059
2|4|5|13|14|16|17,0.609494
3|5|6|9|14|15|18,0.632519
5|7|12|14|15|16|19,0.641773
0|7|8|9|10|13|16,0.658339
2|4|5|9|13|16|19,0.621141
4|6|9|10|16|18|19,0.599261
1|5|7|8|10|12|18,0.672309
1|2|5|10|12|13|18,0.618217
3|7|8|10|11|12|13,0.666424
1|3|8|10|14|16|17,0.647004
2|3|5|6|10|12|15,0.637650
0|1|2|5|7|12|17,0.640060
6|7|10|12|17|18|19,0.629759
4|5|7|8|10|12|18,0.668421
0|1|3|7|9|15|17,0.647221
1|3|4|14|15|17|19,0.631846
0|2|3|5|7|17|19,0.650421
1|3|6|7|11|15|17,0.646037
0|7|9|12|13|15|16,0.616829
3|8|9|10|16|17|18,0.652477
1|2|5|6|8|12|14,0.661653
1|3|5|12|14|18|19,0.620097
1|4|6|8|9|13|17,0.644751
2|4|12|13|15|17|19,0.622378
3|6|10|14|16|17|18,0.616361
1|2|12|13|17|18|19,0.609501
2|3|8|9|11|13|16,0.652279
0|3|4|5|7|13|16,0.649544
1|11|14|15|16|17|18,0.621817
2|3|7|11|14|15|16,0.636027
1|2|4|6|7|18|19,0.642581
2|6|7|10|12|17|19,0.637504
1|2|3|4|14|16|18,0.623042
1|2|5|7|9|15|17,0.633146
0|1|3|6|11|12|18,0.642400
1|4|5|10|13|16|17,0.603662
1|3|4|5|6|11|12,0.630400
0|4|8|11|12|13|14,0.662185
0|2|5|11|14|17|19,0.625206
0|2|4|5|6|11|14,0.625261
2|3|5|6|10|11|15,0.638247
1|2|5|7|13|16|17,0.636392
2|3|4|7|13|16|17,0.642573
4|5|9|10|11|12|15,0.602607
3|5|6|9|15|16|18,0.632496
4|8|9|11|15|17|18,0.667385
0|2|3|6|7|8|9,0.680384
4|6|8|9|10|15|19,0.671748
3|4|6|8|10|12|18,0.665044
4|6|10|12|14|15|18,0.614893
1|2|3|5|9|12|14,0.626899
0|3|9|10|13|15|17,0.626457
5|7|8|9|10|11|19,0.670410
0|2|4|10|11|15|18,0.626139
0|1|3|7|11|16|19,0.653775
1|6|7|9|10|13|14,0.620713
1|2|4|7|8|9|17,0.665328
2|8|9|10|11|13|17,0.638649
0|1|7|8|12|15|16,0.673443
3|7|8|10|11|14|16,0.657901
1|4|7|8|12|13|18,0.674239
1|2|4|8|10|11|19,0.657461
0|4|6|9|13|14|17,0.604903
0|3|5|9|10|12|16,0.628430
1|2|3|4|6|12|19,0.630884
1|2|4|6|9|10|16,0.608486
0|1|2|5|7|13|16,0.644076
1|2|5|10|11|12|18,0.620037
2|5|7|8|9|15|19,0.686019
5|6|8|11|12|16|19,0.660384
1|6|8|10|14|16|18,0.655203
3|4|5|9|12|13|16,0.618860
5|10|12|14|15|16|17,0.604928
0|2|10|12|15|16|18,0.617570
0|6|8|11|13|15|17,0.661312
0|2|4|8|10|12|15,0.652481
0|1|4|5|10|14|17,0.615115
0|2|9|10|17|18|19,0.607780
0|1|3|4|9|11|15,0.636453
6|8|9|10|11|12|16,0.652114
1|2|6|7|9|15|16,0.635749
2|7|8|10|11|12|18,0.659934
0|3|4|9|14|17|18,0.626194
1|5|7|8|12|15|19,0.679911
0|3|6|13|14|17|18,0.630385
3|4|5|7|8|15|16,0.670883
1|3|5|9|14|15|19,0.630751
3|4|8|10|15|18|19,0.663272
1|2|6|10|12|17|18,0.611614
1|5|7|9|15|16|19,0.647860
4|5|7|10|11|13|19,0.629958
1|2|10|14|17|18|19,0.603421
0|1|6|8|12|13|19,0.674607
0|3|11|12|16|17|19,0.630863
3|5|6|8|10|15|18,0.675008
5|7|8|9|10|15|18,0.678254
1|2|5|8|11|16|17,0.650039
0|2|4|8|9|12|17,0.663525
4|5|10|12|15|16|19,0.625185
3|6|9|14|16|17|19,0.617402
2|3|4|5|7|10|16,0.644209
2|7|12|13|15|17|19,0.642823
4|6|7|8|11|13|15,0.661679
0|9|10|11|12|16|19,0.611344
0|1|2|4|8|11|15,0.662245
0|1|3|10|15|16|19,0.640350
0|4|9|11|12|13|14,0.598629
1|2|4|5|9|16|19,0.619278
2|3|12|13|14|15|16,0.619186
6|7|9|10|11|15|19,0.649040
0|3|5|9|10|16|17,0.627913
0|7|11|13|16|17|18,0.633269
2|4|10|13|16|18|19,0.597853
3|4|5|8|10|13|15,0.664719
1|8|9|11|13|16|18,0.648467
1|5|6|9|15|17|18,0.626117
0|1|6|7|13|16|19,0.646547
0|2|10|11|13|16|17,0.602708
0|1|6|8|9|11|18,0.673639
0|2|4|9|15|16|19,0.631244
2|6|9|11|13|17|18,0.603598
1|4|6|8|9|10|13,0.647584
2|3|6|9|12|13|16,0.621407
1|4|6|7|8|18|19,0.676613
2|3|5|6|7|14|19,0.653386
0|1|3|4|6|11|16,0.641501
1|3|5|7|9|15|16,0.644982
0|3|5|8|12|15|18,0.685889
6|8|11|13|15|17|18,0.664000
0|1|6|10|14|15|18,0.631461
2|4|9|11|14|15|17,0.603910
7|10|11|13|16|17|18,0.620658
1|4|6|9|14|16|19,0.618574
8|9|12|13|15|18|19,0.663153
1|2|3|5|7|9|10,0.645956
1|3|6|8|10|12|17,0.655817
0|2|9|11|12|15|18,0.616009
2|4|7|8|10|16|18,0.669872
3|4|5|6|11|12|18,0.632323
0|8|9|12|16|18|19,0.661626
2|5|8|10|11|13|17,0.651594
0|4|6|9|16|17|18,0.613724
1|5|6|11|14|16|18,0.614009
4|7|8|9|11|16|18,0.659443
2|6|8|12|14|17|19,0.659092
2|4|6|9|14|15|19,0.631141
2|3|5|7|10|16|18,0.643312
1|6|7|10|16|17|18,0.632561
3|4|6|8|11|16|19,0.666633
1|13|14|16|17|18|19,0.597213
0|1|2|8|10|13|16,0.655922
0|8|12|13|14|17|19,0.671153
0|3|7|8|10|15|16,0.679210
3|7|13|15|16|18|19,0.641061
3|4|7|8|10|14|15,0.665963
0|1|3|8|9|16|19,0.668595
4|9|10|13|16|17|19,0.602770
0|1|2|8|10|14|15,0.659220
2|3|5|14|15|16|18,0.638043
1|2|5|9|12|13|17,0.613390
2|3|6|9|10|15|17,0.622954
0|4|8|10|12|15|18,0.672265
2|3|9|14|15|17|18,0.627705
3|7|8|9|11|13|17,0.665612
2|3|4|5|7|12|14,0.642557
6|7|9|13|15|17|18,0.637118
5|6|7|8|10|11|15,0.667245
2|3|7|10|12|16|19,0.638976
0|2|8|9|10|11|13,0.646759
9|10|11|12|17|18|19,0.598018
1|2|5|6|8|12|16,0.658338
1|3|4|8|10|11|16,0.649025
3|7|8|10|11|16|18,0.671294
6|7|8|9|11|17|18,0.673466
3|4|6|9|13|16|17,0.621041
3|5|7|9|11|14|19,0.637511
0|6|8|11|12|17|19,0.672948
4|7|9|10|13|16|19,0.622793
0|2|5|7|9|12|17,0.636532
1|9|12|15|16|17|19,0.624988
0|2|5|7|10|11|14,0.624329
0|1|6|8|12|15|16,0.667645
1|2|3|5|9|12|19,0.626981
7|8|10|13|15|17|19,0.674769
5|7|10|12|13|14|18,0.618298
0|6|7|9|11|12|16,0.622414
1|2|7|11|15|16|19,0.653686
0|4|5|8|10|11|12,0.665535
2|3|4|12|13|15|17,0.627018
1|2|3|4|10|12|18,0.624033
1|3|4|6|8|14|19,0.663542
0|1|6|7|12|13|18,0.642418
0|2|4|6|11|13|19,0.632811
1|10|12|15|16|17|19,0.620340
3|4|5|11|13|15|18,0.636425
4|8|11|15|16|17|19,0.661582
1|3|5|8|15|17|18,0.666892
0|2|4|5|11|12|15,0.625246
0|1|4|5|6|17|18,0.625508
0|1|3|5|9|10|15,0.640114
0|6|10|16|17|18|19,0.608782
1|6|7|10|12|15|16,0.629568
1|2|3|6|12|13|19,0.626894
0|2|10|11|12|13|14,0.598220
7|8|12|13|14|15|19,0.679432
0|9|12|13|15|18|19,0.621979
3|4|6|12|14|17|18,0.623523
0|1|9|12|13|14|18,0.613912
2|3|8|12|13|16|19,0.660730
0|2|3|12|13|14|16,0.622890
0|1|4|6|7|14|15,0.637941
1|3|5|12|13|16|19,0.627182
4|5|9|11|13|16|17,0.595955
1|5|6|9|13|15|19,0.629115
2|6|11|12|13|15|19,0.632963
2|5|7|8|10|15|17,0.668734
0|2|7|8|9|18|19,0.680261
0|4|7|8|12|15|18,0.680099
5|7|8|9|10|15|17,0.661809
1|5|7|9|14|16|19,0.635331
3|5|7|8|14|18|19,0.668742
1|9|10|11|12|13|16,0.599542
3|4|6|11|14|15|16,0.631326
1|2|4|6|7|13|14,0.632881
6|7|10|11|12|13|16,0.607095
0|3|8|10|11|17|18,0.666681
1|2|9|10|12|14|16,0.605076
2|4|5|7|8|9|14,0.661237
0|4|6|12|13|15|16,0.611698
0|1|2|5|8|10|13,0.665568
4|5|7|10|12|18|19,0.624137
2|10|12|15|16|18|19,0.610230
1|4|9|11|12|14|17,0.603212
3|4|6|7|15|17|19,0.649314
0|2|6|7|12|13|16,0.627956
1|3|4|6|10|14|17,0.624577
1|4|5|7|8|10|19,0.669254
0|4|5|6|7|15|18,0.651382
0|5|7|10|11|14|18,0.630272
1|4|11|12|15|16|17,0.612505
3|4|6|8|12|14|18,0.663915
0|1|2|5|8|13|17,0.667153
0|2|6|8|10|12|14,0.652826
7|8|9|11|12|15|16,0.659593
1|8|10|11|16|18|19,0.641042
3|5|7|8|10|14|18,0.670231
1|3|9|12|14|16|19,0.615990
2|4|5|13|14|17|19,0.615016
2|3|4|6|8|12|17,0.664417
0|1|4|5|6|12|15,0.630520
0|2|6|8|12|15|19,0.679456
0|1|6|10|11|13|19,0.624965
3|7|9|10|11|12|18,0.625241
0|1|3|5|11|12|19,0.637494
2|4|7|10|14|18|19,0.628759
1|4|8|9|13|16|17,0.639606
1|2|4|6|9|12|14,0.614416
2|4|6|7|11|12|13,0.623253
1|6|10|11|16|18|19,0.604187
2|4|5|6|12|13|17,0.616420
0|4|6|7|10|15|18,0.641024
0|1|5|7|12|13|14,0.638022
1|2|3|10|13|14|18,0.620891
1|2|3|4|6|13|14,0.631085
1|5|8|9|10|11|16,0.639789
6|9|13|14|15|17|19,0.624570
0|5|6|9|15|17|18,0.633283
2|3|6|7|10|12|15,0.644338
2|8|10|12|15|17|19,0.662819
4|6|9|13|16|18|19,0.601727
3|5|6|9|14|15|16,0.627409
1|6|7|10|12|14|16,0.624149
1|4|5|10|11|12|17,0.601578
2|4|5|9|10|13|17,0.605939
1|2|6|7|11|15|17,0.633712
0|1|8|10|14|17|19,0.664169
2|5|6|9|12|16|17,0.610452
0|1|5|9|10|13|14,0.617375
1|5|8|10|11|14|19,0.651391
1|3|5|10|11|16|18,0.624036
1|2|6|8|11|12|15,0.656141
3|7|8|10|15|17|18,0.675694
0|7|13|15|16|18|19,0.639903
4|7|10|13|17|18|19,0.624848
4|6|8|10|12|16|19,0.658694
5|7|8|9|16|17|19,0.668068
6|7|8|10|11|13|18,0.672992
7|8|11|13|15|18|19,0.676746
0|1|2|3|4|8|9,0.669764
2|4|5|7|9|12|19,0.635368
2|5|6|7|12|14|17,0.631762
1|3|9|11|14|16|18,0.616189
0|7|8|10|11|13|19,0.681573
3|5|7|9|11|13|18,0.634860
1|2|3|8|9|10|12,0.655954
2|7|8|10|15|17|18,0.675768
7|8|9|10|15|18|19,0.675763
1|3|5|12|15|16|19,0.635587
3|5|8|13|16|17|18,0.657233
5|8|10|11|16|17|19,0.648544
0|2|8|9|10|13|15,0.656761
1|2|4|7|9|13|18,0.636135
1|2|4|9|10|15|19,0.625227
4|7|9|11|14|15|17,0.619079
0|6|8|9|10|13|14,0.656876
2|7|11|12|14|16|18,0.621145
1|3|4|6|12|15|16,0.636175
9|10|11|12|15|18|19,0.616605
1|5|8|14|15|16|18,0.665197
3|9|10|12|13|16|17,0.611939
3|5|8|10|12|14|16,0.653989
2|3|4|13|15|16|18,0.631941
0|2|3|7|12|13|18,0.640856
2|6|7|8|14|16|19,0.681817
3|4|7|9|11|12|16,0.627492
2|4|6|7|10|16|18,0.629456
1|9|11|12|13|15|19,0.626437
0|2|3|4|7|13|17,0.648296
1|3|10|11|13|16|18,0.621908
0|1|3|9|10|11|13,0.629929
1|3|5|8|11|12|18,0.661000
1|2|3|4|7|8|15,0.672596
0|8|10|12|15|17|19,0.675272
0|1|5|6|7|13|15,0.643969
0|1|5|16|17|18|19,0.616708
0|1|2|7|10|11|12,0.632551
0|4|6|7|8|10|11,0.662559
2|6|7|11|14|15|16,0.620795
3|6|8|10|14|15|19,0.668647
2|3|4|6|8|9|15,0.667749
1|2|4|5|14|17|18,0.615970
0|1|5|6|11|17|19,0.628280
2|4|5|9|11|13|18,0.613961
2|5|8|9|13|17|18,0.660547
0|3|9|10|11|16|19,0.628015
4|5|6|8|9|13|19,0.664165
0|3|6|7|15|18|19,0.654612
1|5|7|10|12|13|14,0.625759
3|12|14|15|16|17|19,0.626653
0|4|6|9|15|18|19,0.628589
8|12|13|14|16|17|18,0.654346
0|1|2|5|10|17|18,0.623356
1|7|10|12|14|15|19,0.638755
0|2|4|7|8|11|13,0.657045
0|2|4|6|12|13|18,0.613534
0|3|5|6|8|12|16,0.684114
1|4|6|7|11|12|18,0.637587
4|5|7|8|9|12|16,0.656101
0|4|7|10|12|13|16,0.610314
0|1|7|12|13|16|17,0.634183
0|1|2|7|9|11|12,0.635141
4|7|8|9|14|15|19,0.680995
1|3|6|7|11|12|15,0.649246
0|3|7|8|13|17|19,0.682820
0|1|6|10|11|13|18,0.623102
2|9|10|11|12|14|15,0.588279
0|1|2|3|4|8|18,0.674480
2|4|6|11|13|17|18,0.614533
3|6|7|8|12|17|19,0.678396
1|9|10|11|13|17|19,0.601273
0|1|6|9|12|15|19,0.634655
4|5|8|9|10|15|19,0.670085
0|7|8|9|11|15|16,0.667619
2|3|4|9|11|12|15,0.620647
0|4|5|8|9|12|18,0.673774
1|2|3|6|8|9|18,0.664672
1|2|5|6|7|12|19,0.646207
2|4|9|11|12|15|16,0.598617
0|1|5|6|7|10|16,0.640085
1|5|10|11|14|15|17,0.605708
0|5|7|9|13|17|19,0.635717
2|4|5|7|12|14|15,0.629304
2|8|11|13|14|15|18,0.664345
0|8|11|14|15|16|19,0.680643
4|5|8|11|12|14|19,0.658804
4|5|9|11|16|18|19,0.600963
3|7|8|9|12|15|18,0.673392
0|2|10|13|14|15|16,0.608268
3|4|12|16|17|18|19,0.613246
4|7|8|9|12|14|16,0.656217
0|1|3|10|11|16|18,0.633325
1|5|8|10|12|13|18,0.659065
0|2|4|6|11|14|19,0.630870
2|3|5|9|15|17|18,0.634442
7|11|12|13|14|15|17,0.621169
0|3|4|11|13|16|17,0.626420
0|4|7|8|9|13|18,0.672762
2|3|8|12|15|17|18,0.663826
5|7|8|12|14|16|17,0.664008
0|3|4|7|9|13|17,0.641185
2|3|4|5|6|12|17,0.632293
2|7|9|11|12|14|15,0.612848
0|4|5|9|12|13|14,0.616562
0|1|4|8|10|16|17,0.651594
1|7|9|10|11|12|14,0.620344
0|3|5|6|8|10|11,0.681362
2|5|9|11|13|17|18,0.613336
0|2|3|7|10|11|16,0.637125
1|2|4|6|9|15|18,0.632370
2|4|6|8|13|14|17,0.651169
2|8|11|13|14|16|19,0.654952
7|8|9|10|11|17|18,0.667398
0|1|8|9|10|11|18,0.664296
0|3|4|6|7|12|15,0.651035
1|4|7|12|14|15|17,0.628743
0|3|5|8|9|18|19,0.673651
6|8|9|12|14|16|17,0.649321
0|2|3|5|16|17|18,0.635652
1|10|12|13|14|16|17,0.596534
2|3|5|6|10|14|16,0.633017
0|2|4|5|10|17|19,0.622943
0|1|4|12|13|14|16,0.616666
3|6|8|10|14|15|16,0.663283
4|6|8|13|14|17|18,0.653344
4|8|9|11|13|14|16,0.630998
0|2|8|12|13|16|17,0.669738
2|7|10|13|16|17|18,0.626229
3|6|8|9|10|15|19,0.671443
2|3|5|6|13|18|19,0.630623
0|4|5|9|16|17|19,0.618280
1|3|7|8|10|15|16,0.666989
0|1|3|8|14|17|19,0.669416
0|4|8|9|10|17|18,0.663874
2|3|8|11|13|14|17,0.654019
4|7|8|10|12|17|18,0.672231
0|2|4|6|7|17|19,0.646007
0|4|5|7|13|14|18,0.634794
0|4|6|7|13|15|16,0.621879
2|3|4|5|9|11|18,0.626724
0|4|6|7|10|13|17,0.630693
1|4|9|10|17|18|19,0.600454
4|6|7|8|9|11|17,0.659981
2|3|11|12|13|14|15,0.618928
0|2|3|5|10|11|17,0.635670
9|11|12|14|15|17|18,0.618722
1|2|3|6|7|11|17,0.648884
4|5|9|12|14|15|16,0.600388
1|6|7|8|9|12|14,0.668844
1|2|3|6|8|12|16,0.661782
2|4|7|11|12|15|16,0.617106
0|3|4|5|7|15|18,0.656800
6|11|12|14|16|17|18,0.604116
5|6|8|9|11|13|15,0.659923
0|5|6|8|9|12|17,0.669417
2|5|6|7|12|14|17,0.631762
3|5|7|11|12|17|18,0.637705
0|1|5|9|13|14|16,0.618682
1|4|6|14|16|18|19,0.610472
6|9|10|11|14|17|18,0.596644
3|5|8|9|11|16|17,0.651726
2|6|7|16|17|18|19,0.636382
4|7|9|11|12|16|18,0.608994
3|4|5|7|10|13|17,0.634958
0|2|5|13|14|16|19,0.625863
0|2|7|10|15|17|18,0.641221
4|6|8|9|11|14|19,0.661805
3|5|11|15|16|18|19,0.628047
6|11|13|14|17|18|19,0.603419
2|7|11|13|14|16|17,0.619951
3|5|7|11|13|15|16,0.638542
9|10|11|13|14|15|18,0.610833
1|3|4|5|10|11|18,0.624939
0|2|4|6|9|14|15,0.615181
4|6|7|10|13|15|17,0.625142
4|5|6|9|10|16|17,0.599620
0|1|7|9|10|11|18,0.634144
0|2|3|4|10|11|14,0.618346
0|3|6|8|11|14|16,0.679381
1|2|5|8|11|15|16,0.656104
7|9|10|11|14|16|19,0.625259
0|1|2|3|7|12|17,0.648775
5|6|8|11|12|18|19,0.661693
0|1|5|12|15|16|19,0.634528
9|10|12|14|15|17|19,0.619243
2|3|4|6|12|14|16,0.624764
1|2|4|7|9|12|19,0.637852
0|1|3|7|8|10|17,0.672629
2|3|4|6|7|12|15,0.649318
6|7|8|9|11|16|18,0.672855
5|6|10|12|14|15|16,0.607111
2|3|6|8|11|15|19,0.675179
1|5|7|9|11|12|13,0.625313
5|9|13|14|15|16|17,0.603521
0|7|8|9|11|12|13,0.668364
2|8|9|12|16|17|18,0.660068
0|1|2|5|6|10|17,0.624051
0|5|10|13|15|16|19,0.634553
3|4|5|8|10|15|19,0.670186
2|5|7|11|12|14|15,0.626077
1|2|5|7|9|11|15,0.634745
4|6|7|8|9|16|19,0.680722
1|2|4|6|9|13|18,0.617669
0|4|5|6|7|10|15,0.637224
1|4|7|8|10|17|19,0.666438
1|3|6|7|11|12|18,0.651462
0|5|6|7|13|17|19,0.642193
1|2|9|11|13|15|17,0.606558
2|3|4|8|11|13|16,0.654326
0|2|9|13|15|16|17,0.614444
1|5|7|9|11|15|19,0.644741
1|2|4|6|7|11|15,0.634315
2|5|9|10|13|14|15,0.609862
2|4|7|8|10|14|18,0.664863
1|5|10|12|13|17|18,0.606189
0|3|7|13|15|18|19,0.647817
2|5|7|12|13|14|15,0.629661
0|4|5|7|10|14|16,0.622597
0|1|9|11|13|15|18,0.633723
1|2|4|6|8|10|19,0.664625
1|2|7|13|14|16|19,0.641745
3|5|8|9|14|15|18,0.667283
0|1|3|14|16|18|19,0.624273
4|8|9|11|13|14|19,0.651715
2|3|12|13|15|16|17,0.622961
2|4|5|8|9|16|19,0.659580
2|4|6|10|13|14|15,0.601345
2|7|8|14|15|18|19,0.677724
0|1|4|8|10|11|15,0.658092
3|5|6|7|15|16|17,0.643556
1|12|13|15|17|18|19,0.618031
4|5|9|11|12|16|18,0.597512
0|1|2|4|7|8|10,0.664265
1|3|4|5|6|7|15,0.651167
1|5|6|7|10|15|18,0.643978
5|7|10|11|13|14|19,0.627593
1|3|4|5|6|12|15,0.636319
3|8|11|14|17|18|19,0.648133
9|10|11|13|14|17|18,0.590954
2|7|12|13|14|15|18,0.633593
3|4|6|8|10|11|15,0.663358
1|3|5|9|10|18|19,0.620195
1|2|3|5|13|16|19,0.632240
6|8|9|10|17|18|19,0.651206
5|6|7|11|14|18|19,0.636889
3|4|6|8|14|17|19,0.660309
7|9|11|14|15|17|19,0.641639
3|8|11|12|14|16|19,0.656993
2|7|8|9|10|13|17,0.659715
2|5|8|11|13|14|17,0.651545
0|3|8|9|13|15|19,0.684050
2|7|11|14|15|18|19,0.644864
0|8|12|15|16|17|18,0.678903
3|6|10|11|12|13|16,0.621023
0|4|5|6|11|13|18,0.634722
1|9|12|13|15|17|19,0.622918
1|5|6|7|9|11|19,0.641935
2|3|4|8|9|12|18,0.656455
0|5|7|10|11|13|18,0.633522
0|8|12|13|14|16|18,0.672993
6|8|9|13|16|17|19,0.653649
6|8|10|13|17|18|19,0.650785
1|3|5|9|14|15|17,0.624125
4|7|8|9|10|15|19,0.680910
3|5|7|8|10|15|19,0.680679
0|4|5|6|7|10|16,0.634049
0|1|8|9|11|16|17,0.653918
3|6|7|9|11|14|16,0.637386
0|5|7|9|11|12|15,0.629549
0|1|2|4|5|6|10,0.627790
2|3|4|5|7|9|10,0.642042
1|4|5|8|14|18|19,0.653376
3|4|6|8|9|10|16,0.661942
0|4|5|12|15|16|18,0.630589
0|2|5|7|9|11|18,0.636157
2|4|6|10|11|12|16,0.597998
3|8|11|12|15|16|19,0.667580
3|8|9|10|14|18|19,0.645787
1|2|9|10|11|15|18,0.628730
0|3|4|8|14|17|18,0.671834
2|6|7|12|14|16|18,0.628991
1|3|11|13|16|17|18,0.618114
3|5|6|12|13|14|16,0.629757
0|3|11|13|14|15|16,0.627869
1|5|6|8|16|17|19,0.654824
1|5|9|14|15|17|18,0.622510
0|3|8|10|11|17|18,0.666681
1|2|3|4|5|14|17,0.629617
0|3|6|7|12|16|17,0.649043
1|3|4|5|9|10|17,0.618464
4|6|8|9|11|18|19,0.657417
6|9|12|13|16|18|19,0.597460
0|4|6|7|11|17|18,0.641506
1|3|6|9|10|17|19,0.621211
0|7|8|9|11|12|15,0.660878
3|6|7|12|13|18|19,0.641142
3|7|12|13|14|17|18,0.634873
11|12|14|15|16|17|19,0.621805
2|3|9|11|15|18|19,0.628229
0|7|8|9|11|12|15,0.660878
1|6|7|8|9|10|15,0.665164
2|7|9|10|16|18|19,0.626292
2|4|6|7|10|15|17,0.633850
2|3|6|8|9|14|19,0.664937
1|4|8|11|12|14|19,0.655844
0|1|2|5|7|11|19,0.648627
0|2|13|14|16|17|18,0.609253
0|6|7|8|10|11|13,0.662330
1|5|6|7|8|16|18,0.677773
0|4|5|9|10|12|17,0.614019
0|3|7|8|13|14|19,0.684303
0|4|6|8|9|13|15,0.667439
2|4|8|12|14|17|19,0.661430
1|6|8|10|11|17|19,0.652388
0|6|7|15|16|17|19,0.647162
1|3|5|6|8|9|17,0.659885
1|3|8|9|13|14|17,0.647345
2|3|8|9|12|16|18,0.658302
4|7|9|10|11|13|16,0.582885
3|5|6|9|10|11|12,0.623320
2|4|6|7|13|17|19,0.641967
2|6|7|11|12|16|17,0.629055
3|5|7|10|12|14|19,0.635261
0|2|6|7|9|10|14,0.616307
1|2|7|10|15|17|18,0.640269
4|8|9|16|17|18|19,0.644033
1|3|5|8|10|14|16,0.650868
0|3|7|13|14|18|19,0.639544
0|4|7|9|11|12|17,0.630547
3|4|9|10|11|13|16,0.609939
0|2|9|11|14|15|17,0.608596
0|1|6|9|10|12|16,0.613353
1|3|5|10|11|18|19,0.621984
4|6|7|8|10|13|14,0.653646
0|3|11|12|14|15|16,0.627009
1|6|9|13|17|18|19,0.605768
1|5|7|9|11|14|17,0.619648
1|4|5|10|12|15|16,0.613296
2|7|10|13|17|18|19,0.628738
7|9|10|11|13|15|18,0.627352
5|8|9|14|15|16|17,0.649733
3|4|8|9|12|13|18,0.659470
0|1|2|3|9|15|16,0.636999
0|1|5|7|11|14|15,0.637982
2|5|7|9|13|14|15,0.627176
2|5|6|7|8|10|11,0.667068
0|10|12|14|15|17|18,0.617841
0|1|2|7|8|15|19,0.688361
0|1|6|10|16|17|19,0.617625
6|9|11|13|15|16|17,0.596385
1|4|5|9|12|13|14,0.606711
3|4|6|9|12|14|17,0.621362
0|1|3|11|14|16|17,0.625827
2|3|8|10|14|15|17,0.656214
1|2|3|6|7|8|11,0.675739
1|4|9|11|14|16|17,0.592729
4|7|8|10|12|13|19,0.673607
2|5|6|12|14|15|17,0.617080
2|10|11|14|15|16|17,0.598929
1|9|10|11|13|14|15,0.597405
4|5|13|14|15|16|17,0.608121
0|1|9|14|17|18|19,0.611262
6|8|10|14|16|18|19,0.647721
0|6|7|10|11|13|18,0.627131
2|4|6|9|13|15|19,0.632242
2|3|5|8|10|11|18,0.665390
5|6|7|9|10|17|19,0.632510
4|5|7|9|10|14|15,0.616509
1|4|8|10|11|14|18,0.649286
0|1|3|5|7|9|16,0.649559
0|1|3|14|15|17|18,0.639441
2|9|10|11|12|14|17,0.597772
0|5|6|8|11|12|14,0.673985
2|3|5|7|13|14|17,0.641910
2|10|11|12|13|14|18,0.599831
2|4|8|10|11|17|19,0.658749
5|6|9|11|12|17|18,0.609617
0|3|10|12|13|15|18,0.633852
0|1|3|5|6|7|16,0.660203
0|8|10|16|17|18|19,0.660011
1|4|8|9|10|16|19,0.647955
1|3|6|8|11|13|18,0.663287
5|11|13|14|15|17|19,0.622505
0|4|6|9|12|13|17,0.608295
0|1|4|9|10|17|18,0.613256
2|3|10|11|15|18|19,0.628365
0|4|5|7|15|17|19,0.645118
0|1|7|11|15|16|19,0.653610
0|2|5|12|13|14|18,0.621895
1|2|5|9|10|13|15,0.616759
0|1|5|6|7|11|13,0.639753
2|8|9|11|13|17|18,0.652812
3|4|6|7|14|15|16,0.644260
1|2|5|9|10|16|17,0.606490
1|3|5|7|8|14|15,0.669454
4|6|8|10|16|17|19,0.651338
1|6|7|8|11|15|18,0.684016
1|10|12|13|16|18|19,0.597698
2|3|7|8|14|17|18,0.674390
2|9|10|11|14|17|19,0.605578
2|4|9|13|16|17|19,0.609162
7|9|10|11|12|13|15,0.604289
3|4|5|6|17|18|19,0.626518
3|6|7|11|14|17|18,0.644623
1|3|6|7|9|13|17,0.643721
0|4|5|7|12|15|18,0.644355
4|5|7|10|11|13|14,0.604069
3|5|12|14|15|17|19,0.629734
0|3|4|8|10|13|15,0.672462
3|4|5|8|13|14|16,0.657111
2|3|6|7|12|16|18,0.645310
0|2|3|8|9|14|15,0.664129
0|2|6|10|12|15|16,0.613495
1|5|6|7|8|9|11,0.668623
4|9|10|11|13|15|19,0.626300
1|3|5|12|13|15|16,0.632789
2|5|6|7|8|9|18,0.680783
1|3|6|10|11|17|19,0.622871
1|2|3|4|6|15|18,0.639849
1|5|7|9|10|12|19,0.629389
1|5|8|9|10|12|15,0.656490
0|3|11|12|16|17|18,0.630045
0|1|6|8|13|17|18,0.669982
3|4|5|6|14|15|16,0.634187
0|3|7|10|12|15|18,0.644105
0|2|4|6|8|14|17,0.661850
1|3|5|6|12|13|18,0.629353
7|8|9|10|13|15|17,0.658709
1|4|8|10|12|14|18,0.654097
1|2|3|5|6|8|9,0.667949
0|6|8|11|14|17|18,0.667058
2|3|8|9|12|16|18,0.658302
3|4|8|9|10|14|18,0.647302
1|2|4|5|9|10|12,0.613264
1|7|9|11|12|15|16,0.625642
1|3|7|9|13|15|17,0.638864
8|10|11|13|14|16|18,0.645666
1|5|6|9|11|14|17,0.601790
0|2|5|8|12|17|18,0.676426
0|1|4|13|14|18|19,0.616041
1|2|4|5|6|9|14,0.616420
0|3|6|10|13|15|19,0.644140
0|2|4|5|8|10|18,0.678171
0|3|9|13|15|16|19,0.639655
1|4|6|10|13|15|19,0.626550
0|1|6|7|8|9|14,0.674913
0|1|2|4|7|14|17,0.636642
3|6|8|10|13|15|18,0.673354
0|6|7|9|11|18|19,0.643773
1|2|5|6|13|17|19,0.619951
2|5|6|11|12|14|19,0.625105
0|5|6|10|13|16|17,0.615025
1|3|4|12|15|18|19,0.630056
5|8|10|15|16|17|19,0.660622
0|2|7|10|12|14|19,0.628948
0|4|10|15|17|18|19,0.623925
1|4|5|13|14|16|18,0.616908
0|3|5|9|10|11|18,0.632225
2|3|4|8|10|12|15,0.656352
3|5|6|9|10|12|16,0.621858
2|4|7|8|10|11|17,0.664445
0|6|7|9|11|16|18,0.632049
0|1|2|8|12|14|19,0.672492
2|5|10|11|14|16|19,0.616035
0|6|7|10|11|16|19,0.644155
0|4|6|11|13|16|17,0.602962
2|3|6|9|11|12|15,0.624323
0|1|3|6|9|15|17,0.638245
1|3|5|7|8|17|18,0.671941
0|11|13|14|16|17|18,0.608683
2|4|10|13|15|16|17,0.604492
0|2|3|7|9|17|18,0.642044
0|2|3|6|13|15|16,0.639834
0|1|2|3|5|14|18,0.639323
0|4|5|14|15|16|18,0.633907
6|7|11|12|15|17|18,0.638062
7|11|12|14|15|16|19,0.645246
2|3|9|10|13|17|18,0.611835
1|4|5|7|13|14|18,0.629715
0|5|7|13|16|17|18,0.634749
6|8|9|13|14|16|19,0.659869
2|4|7|10|16|18|19,0.629098
0|1|6|11|13|17|19,0.624011
3|4|6|8|9|12|18,0.663759
3|7|9|10|12|14|19,0.629914
6|11|12|14|16|18|19,0.600498
0|3|4|6|8|10|17,0.670413
0|2|3|4|10|11|13,0.625907
1|2|4|6|7|13|19,0.646761
0|1|7|11|13|14|17,0.629049
0|1|3|4|11|13|19,0.636188
0|2|7|9|12|15|16,0.622815
3|8|10|12|14|15|19,0.664252
1|4|10|12|15|16|18,0.621771
5|9|10|11|12|14|17,0.596931
1|2|3|7|10|17|19,0.644220
4|6|8|10|15|16|19,0.667545
0|1|2|4|5|7|18,0.644886
3|5|10|11|12|14|19,0.619940
3|4|12|13|16|17|19,0.619416
0|1|2|6|10|12|13,0.620770
1|2|9|14|15|18|19,0.623633
1|2|5|9|10|11|12,0.613297
3|4|5|8|9|13|14,0.657307
1|3|8|10|11|12|16,0.650598
2|5|10|11|15|16|18,0.631843
6|12|13|14|15|16|17,0.600750
0|1|5|7|17|18|19,0.637981
2|4|8|11|15|16|19,0.670934
6|9|10|12|14|15|17,0.598244
0|1|4|10|11|14|18,0.618771
0|3|8|9|14|15|19,0.682278
0|4|5|8|10|16|18,0.671439
2|3|5|9|11|12|13,0.624868
1|3|9|10|15|16|18,0.630534
0|1|2|3|11|12|13,0.634620
0|1|6|7|15|16|18,0.649739
2|3|4|7|13|14|19,0.644844
4|6|7|9|11|16|17,0.619210
1|2|4|8|12|16|17,0.656925
2|3|5|9|10|17|19,0.623550
0|2|3|7|8|16|17,0.680050
2|3|5|13|15|16|19,0.640766
0|4|7|10|11|13|18,0.617877
5|6|8|9|16|18|19,0.652490
0|1|5|9|12|18|19,0.619151
0|5|7|10|11|14|15,0.625676
1|3|4|6|13|16|18,0.632660
2|3|6|10|13|15|17,0.625231
1|2|5|6|13|14|15,0.623812
1|3|4|5|11|12|19,0.624037
3|5|9|10|13|16|18,0.618862
2|3|4|8|12|15|17,0.664429
0|2|3|8|13|18|19,0.671401
0|1|10|11|14|18|19,0.614056
1|2|3|4|11|13|14,0.622725
0|2|11|12|13|18|19,0.618694
0|1|3|4|6|14|18,0.642801
4|8|10|11|13|15|17,0.645328
1|2|3|4|11|14|17,0.623265
2|4|6|8|9|10|13,0.649340
1|3|7|10|14|16|18,0.640798
2|4|8|9|11|16|17,0.645821
0|1|3|6|12|13|16,0.638529
2|3|4|6|7|11|12,0.646392
0|1|5|6|7|8|15,0.682212
0|2|11|12|13|14|15,0.605377
0|1|3|7|8|10|18,0.680707
0|1|2|5|15|17|19,0.635618
4|6|9|10|15|17|19,0.623291
0|2|5|6|14|16|19,0.626518
4|6|13|14|16|17|19,0.610135
7|9|10|13|14|16|19,0.621165
1|8|14|16|17|18|19,0.642835
0|4|6|9|12|13|18,0.605874
1|3|4|7|11|13|16,0.645812
0|3|4|6|14|15|18,0.645228
0|2|3|4|13|15|19,0.643469
3|4|5|7|8|14|16,0.665357
5|7|8|9|11|12|15,0.662820
0|4|7|10|14|16|17,0.625651
5|8|9|11|12|13|15,0.657699
3|5|6|8|9|16|17,0.658094
0|3|5|8|9|12|14,0.671797
2|3|4|9|11|12|19,0.622610
6|7|8|10|13|15|19,0.684962
1|2|5|11|12|18|19,0.619045
4|5|7|10|13|16|18,0.619552
0|2|8|13|16|18|19,0.664309
1|3|6|15|16|17|19,0.632404
0|3|6|7|10|13|18,0.650914
0|1|2|5|6|12|15,0.632770
3|4|9|10|12|15|17,0.620595
0|5|10|11|12|16|19,0.619761
1|3|4|9|10|14|16,0.622404
1|2|8|11|14|16|18,0.650697
0|1|7|9|10|14|18,0.631815
2|4|6|8|10|14|17,0.648778
0|1|4|5|10|12|18,0.621891
0|1|2|7|11|12|14,0.633476
3|4|5|8|10|12|19,0.661378
0|3|4|5|10|13|18,0.638382
0|3|4|6|8|9|12,0.676062
1|2|4|7|9|11|19,0.640767
0|4|5|7|15|17|19,0.645118
3|6|7|8|11|15|19,0.688177
1|3|4|5|6|7|14,0.650561
1|6|7|8|16|17|19,0.674588
0|3|5|8|11|13|16,0.670368
5|7|9|15|16|18|19,0.637740
3|6|10|13|14|15|18,0.634867
2|5|7|11|13|16|18,0.632189
0|1|5|6|11|13|16,0.623495
4|7|11|12|13|17|19,0.633075
0|2|5|7|8|9|18,0.681509
0|4|10|15|16|18|19,0.620127
0|4|8|9|14|15|18,0.673187
1|5|7|13|15|17|19,0.635719
2|8|11|12|13|16|18,0.658371
0|1|3|5|11|14|16,0.634485
5|9|12|15|16|18|19,0.619149
3|7|12|15|16|17|19,0.645032
0|2|6|7|9|13|19,0.645075
1|5|7|9|10|11|13,0.618019
3|5|7|9|10|14|15,0.634328
0|3|9|10|14|17|19,0.623275
0|1|3|5|6|10|15,0.647471
0|1|2|3|8|11|18,0.672972
3|6|8|9|12|18|19,0.659199
4|5|8|9|14|15|16,0.650397
1|5|8|11|16|18|19,0.646886
0|4|8|9|13|16|18,0.665606
1|2|8|11|12|15|19,0.666672
1|5|9|13|14|17|18,0.603828
0|1|3|8|14|15|18,0.679259
0|2|4|8|9|12|14,0.655444
0|3|4|6|12|16|19,0.638429
3|11|12|15|17|18|19,0.625757
3|6|7|9|12|15|16,0.640816
1|2|3|7|12|13|17,0.643427
4|7|10|12|13|16|18,0.609456
4|9|11|13|15|16|19,0.630652
3|7|8|9|12|13|16,0.668481
0|2|3|4|6|10|18,0.635400
1|3|5|13|14|17|19,0.620083
4|5|9|14|16|17|18,0.602312
1|5|7|8|9|15|18,0.682987
0|4|5|7|9|13|15,0.631470
0|3|5|7|8|14|17,0.678503
2|3|4|6|10|17|19,0.626045
0|4|5|6|8|12|14,0.678481
3|7|9|10|11|18|19,0.633960
4|8|12|14|16|17|18,0.654084
0|3|8|11|13|14|18,0.670245
4|5|8|9|12|14|18,0.653830
6|7|9|12|14|15|18,0.630417
0|5|11|13|15|18|19,0.636665
4|5|12|13|14|17|18,0.607662
1|7|8|10|15|16|19,0.675292
2|5|7|8|9|11|17,0.665308
3|8|11|13|14|15|19,0.668565
3|4|5|12|16|17|19,0.619592
0|1|2|8|11|14|16,0.655992
0|4|5|6|10|17|18,0.622425
8|9|10|16|17|18|19,0.642597
0|7|8|11|13|17|18,0.678656
1|6|7|8|11|13|17,0.662820
3|7|9|12|17|18|19,0.632086
1|2|5|7|12|16|17,0.637015
5|9|10|11|14|15|16,0.597008
