domain,variable,label,n,events,unit,HR,lo,hi,p,LRT_p,dC,C_base,C_with,FDR_domain,FDR_global,min_HR_80pct,dC_pt,dC_lo,dC_hi,dC_txt,excl_zero,se_dC,P_pos
B. Cognitive and neuropsychological,bjlot,"Benton judgement of line orientation, raw",812,165,per SD,1.159,0.995,1.35,0.0577184643041338,0.0519193709131149,0.0013,0.6917,0.6935,0.7291891957313614,0.830778197429063,1.264,0.0013,-0.0133,0.0172,,0,0.0077807551567273,0.566346015355492
B. Cognitive and neuropsychological,DVT_FAS,Lexical fluency (FAS),442,23,per SD,1.274,0.949,1.712,0.107537307214459,0.1088694032566831,0.0192,0.6891,0.7025,0.7291891957313614,0.830778197429063,1.871,0.0192,-0.0339,0.0789,,0,0.0287760387435687,0.747684761792516
B. Cognitive and neuropsychological,DVS_JLO_MSSAE,"Benton JLO, scaled for age and education",812,165,per SD,1.094,0.943,1.269,0.2352306811689119,0.232067285995385,-0.0012,0.6917,0.6906,0.7291891957313614,0.9378115416666666,1.264,-0.0012,-0.0103,0.0086,,0,0.0048215171299064,0.4017251332627461
B. Cognitive and neuropsychological,DVS_LNS,Letter-number sequencing,813,165,per SD,1.093,0.941,1.27,0.2439784063380903,0.2433428568760706,-0.0047,0.6914,0.6889,0.7291891957313614,0.9378115416666666,1.264,-0.0047,-0.0178,0.0063,,0,0.0061480721074468,0.2222944122050165
B. Cognitive and neuropsychological,TMT_A,Trail making A,443,23,per SD,1.155,0.889,1.501,0.2797670280381063,0.2899344086089254,-0.0152,0.6642,0.6423,0.7291891957313614,0.9865787095035314,1.871,-0.0152,-0.1011,0.0585,,0,0.0407150335414323,0.3544527367022685
B. Cognitive and neuropsychological,COG_COMPOSITE_INT,Cognitive composite,811,165,per SD,1.074,0.923,1.25,0.3530399353576033,0.3510297510983385,-0.0013,0.6946,0.693,0.7291891957313614,0.9935967104266555,1.264,-0.0013,-0.0103,0.0067,,0,0.0043368143496513,0.3821804193133978
B. Cognitive and neuropsychological,DVS_BNT,Modified Boston naming test,422,21,per SD,1.148,0.836,1.577,0.3929870944052105,0.3889873652633661,-0.0359,0.7234,0.6792,0.7291891957313614,0.9935967104266555,1.926,-0.0359,-0.152,0.0396,,0,0.0488784487878348,0.2313296374351351
B. Cognitive and neuropsychological,DVT_TOTAL_RECALL,HVLT-R total recall,813,165,per SD,0.943,0.82,1.083,0.4060925633084588,0.4069823518916339,-0.0013,0.6914,0.6917,0.7291891957313614,0.9935967104266555,1.264,-0.0013,-0.0075,0.0039,,0,0.0029082166815308,0.3274341605051999
B. Cognitive and neuropsychological,moca,MoCA total,813,165,per SD,1.065,0.916,1.238,0.4101689225988908,0.4071312395355342,-0.0011,0.6914,0.6905,0.7291891957313614,0.9935967104266555,1.264,-0.0011,-0.0078,0.0044,,0,0.0031123020626909,0.3618807513355915
B. Cognitive and neuropsychological,DVT_RECOG_DISC_INDEX,HVLT-R recognition discrimination,811,164,per SD,1.034,0.898,1.19,0.6446815176993117,0.6433532342995265,-0.0008,0.7018,0.7012,0.9824327024443336,0.9935967104266555,1.264,-0.0008,-0.0037,0.0021,,0,0.0014796190134104,0.2943641781246235
B. Cognitive and neuropsychological,TMT_B,Trail making B,443,23,per SD,1.041,0.787,1.378,0.7780691072017892,0.7793709229559123,-0.0373,0.6642,0.6328,0.9824327024443336,0.9935967104266555,1.871,-0.0373,-0.0745,-0.0116,,1,0.0160462130937098,0.0100483922142792
B. Cognitive and neuropsychological,DVT_SDM,Symbol digit modalities,812,165,per SD,1.019,0.881,1.178,0.8013803103110939,0.8013917509566472,-0.0018,0.6939,0.6913,0.9824327024443336,0.9935967104266555,1.264,-0.0018,-0.0066,0.0021,,0,0.0022194285201156,0.2086772115134774
B. Cognitive and neuropsychological,DVT_SFTANIM,"Semantic fluency, animals",813,165,per SD,1.016,0.879,1.174,0.8341806862222152,0.8342001481832395,-0.0021,0.6914,0.6888,0.9824327024443336,0.9935967104266555,1.264,-0.0021,-0.0061,0.0014,,0,0.0019133004483755,0.1361939999776303
B. Cognitive and neuropsychological,DVT_RETENTION,HVLT-R retention,813,165,per SD,1.012,0.877,1.168,0.8682227136165925,0.8681367627854376,-0.0019,0.6914,0.6898,0.9824327024443336,0.9935967104266555,1.264,-0.0019,-0.004,0.0005,,0,0.0011479802690253,0.0489540635019095
B. Cognitive and neuropsychological,DVT_DELAYED_RECALL,HVLT-R delayed recall,813,165,per SD,1.007,0.871,1.164,0.9279155858467604,0.9278878067133656,-0.0023,0.6914,0.6891,0.9824327024443336,0.9935967104266555,1.264,-0.0023,-0.0049,0.0004,,0,0.0013520656501854,0.0444620275309651
B. Cognitive and neuropsychological,clockdraw,Clock drawing,445,23,per SD,1.003,0.738,1.365,0.9824327024443336,0.9824236024990726,-0.0323,0.6703,0.6445,0.9824327024443336,0.9935967104266555,1.871,-0.0323,-0.0562,-0.0109,,1,0.0115563347081885,0.0025949548572037
C. Non-motor scales,orthostasis,Orthostatic hypotension,810,165,per unit (corrigido),0.772,0.52,1.148,0.2013371515139403,0.1907742119807083,-0.0047,0.6985,0.6957,0.9589141202853922,0.9378115416666666,1.9,-0.0047,-0.0183,0.0058,,0,0.0061480721074468,0.2222944122050165
C. Non-motor scales,scopa_cv,SCOPA cardiovascular,813,165,per SD,0.914,0.789,1.058,0.2292976047829062,0.221301081012248,0.0012,0.6914,0.6944,0.9589141202853922,0.9378115416666666,1.264,0.0012,-0.0113,0.0108,,0,0.0056378586545467,0.5842767585498785
C. Non-motor scales,stai_state,STAI state anxiety,812,165,per SD,0.927,0.807,1.066,0.2882140050235036,0.2855360141246822,-0.0044,0.6939,0.6906,0.9589141202853922,0.9865787095035314,1.264,-0.0044,-0.0161,0.009,,0,0.0064031788338969,0.2459913655927454
C. Non-motor scales,rem,RBD screening questionnaire,812,165,per SD,1.071,0.93,1.233,0.3416758999674698,0.3440766873231592,0.001,0.7,0.6986,0.9589141202853922,0.9935967104266555,1.264,0.001,-0.0039,0.0062,,0,0.0025765779371457,0.6510333068001288
C. Non-motor scales,scopa_gi,SCOPA gastrointestinal,813,165,per SD,1.062,0.914,1.235,0.4315675458889842,0.4337289216432852,-0.0011,0.6914,0.6915,0.9589141202853922,0.9935967104266555,1.264,-0.0011,-0.0058,0.0025,,0,0.0021173858295356,0.3017030830009016
C. Non-motor scales,scopa_sex,SCOPA sexual,812,165,per SD,0.96,0.835,1.104,0.5665466764511027,0.5643591711092194,-0.001,0.6918,0.69,0.9589141202853922,0.9935967104266555,1.264,-0.001,-0.0055,0.0029,,0,0.0021428965021806,0.3203722576225109
C. Non-motor scales,scopa_pm,SCOPA pupillomotor,813,165,per SD,1.034,0.904,1.182,0.6273463369551177,0.6293382781745076,-0.0026,0.6914,0.688,0.9589141202853922,0.9935967104266555,1.264,-0.0026,-0.006,0.0004,,0,0.0016326830492804,0.0556394851397096
C. Non-motor scales,scopa_therm,SCOPA thermoregulatory,813,165,per SD,1.031,0.901,1.18,0.6544786071132918,0.6560065996209417,-0.0024,0.6914,0.6901,0.9589141202853922,0.9935967104266555,1.264,-0.0024,-0.0044,-0.0004,,1,0.0010204269058003,0.009337471840402
C. Non-motor scales,quip_any,Impulse control disorder (QUIP),813,165,per unit (corrigido),0.931,0.661,1.311,0.6826534926295404,0.6811090319819049,-0.0002,0.6914,0.6917,0.9589141202853922,0.9935967104266555,1.79,-0.0002,-0.0048,0.0041,,0,0.0022704498654056,0.464903259794383
C. Non-motor scales,gds,Geriatric depression scale,813,165,per SD,0.971,0.842,1.12,0.6882805058331276,0.6869972294413209,-0.0023,0.6914,0.6891,0.9589141202853922,0.9935967104266555,1.264,-0.0023,-0.0092,0.0046,,0,0.003520472825011,0.2567745709850673
C. Non-motor scales,scopa_ur,SCOPA urinary,813,165,per SD,0.972,0.841,1.124,0.7032036882092876,0.7022976738805964,-0.0017,0.6914,0.6893,0.9589141202853922,0.9935967104266555,1.264,-0.0017,-0.0083,0.0041,,0,0.0031633234079809,0.2954923968801336
C. Non-motor scales,upsit,UPSIT smell identification,795,163,per SD,0.988,0.854,1.143,0.8686578053931098,0.8686615608250563,-0.0034,0.6966,0.6936,0.9760096429376338,0.9935967104266555,1.265,-0.0034,-0.0067,0.0,,0,0.0017092150672155,0.0233386174396321
C. Non-motor scales,ess,Epworth sleepiness,812,165,per SD,0.991,0.862,1.139,0.9005589567192366,0.9004854717487829,-0.001,0.6986,0.6958,0.9760096429376338,0.9935967104266555,1.264,-0.001,-0.0041,0.0022,,0,0.0016071723766354,0.2669016347889116
C. Non-motor scales,scopa,SCOPA-AUT total,812,165,per SD,0.994,0.858,1.151,0.9341847292263314,0.9341478141146756,-0.0005,0.6918,0.6898,0.9760096429376338,0.9935967104266555,1.264,-0.0005,-0.0041,0.003,,0,0.0018112577577955,0.39125434479837
C. Non-motor scales,stai_trait,STAI trait anxiety,812,165,per SD,1.002,0.871,1.153,0.9760096429376338,0.9760141332692974,-0.003,0.6939,0.6908,0.9760096429376338,0.9935967104266555,1.264,-0.003,-0.0069,0.0015,,0,0.0021428965021806,0.0807605094379044
D. Genetic,GBA,GBA variant carrier (MUTRSLT positive),813,165,per unit (corrigido),1.657,0.697,3.938,0.252893,0.2834,-0.0016,0.6914,0.6961,0.7622857142857143,0.9378115416666666,6.03,-0.0016,-0.0057,0.0038,,0,0.0024235139012757,0.2545632594608104
D. Genetic,PRS_Progression_z,"Polygenic risk score, progression",291,115,per SD,1.139,0.95,1.364,0.1588683326365019,0.1588958348014468,-0.0094,0.6874,0.6774,0.7622857142857143,0.8901000288763403,1.323,-0.0094,-0.0221,0.0062,,0,0.0072195203585371,0.0964538249697435
D. Genetic,LRRK2,LRRK2 variant carrier (MUTRSLT positive),813,165,per unit (corrigido),1.121,0.667,1.883,0.667,0.6711,-0.0017,0.6914,0.6914,0.7622857142857143,0.9935967104266555,3.03,-0.0017,-0.0041,0.0007,,0,0.0012245122869603,0.0825216639671603
D. Genetic,SNCA,SNCA variant carrier,813,165,per unit (corrigido),0.494,0.098,2.498,0.393804057575867,0.3498206548424747,-0.002,0.6914,0.6893,0.7622857142857143,0.9935967104266555,15.42,-0.002,-0.0136,0.0056,,0,0.0048980491478414,0.3415172379125167
D. Genetic,APOE_e4,APOE e4 allele count,772,161,per unit (corrigido),0.929,0.692,1.248,0.626412508618758,0.6238466634090556,-0.0057,0.6881,0.6834,0.7622857142857143,0.9935967104266555,1.64,-0.0057,-0.0151,0.0012,,0,0.0041582396411362,0.0852229636139962
D. Genetic,any_mut,Any pathogenic variant detected,813,165,per unit (corrigido),1.113,0.713,1.736,0.6372420813336027,0.6408456598489587,-0.0007,0.6914,0.6905,0.7622857142857143,0.9935967104266555,2.45,-0.0007,-0.0032,0.0016,,0,0.0012245122869603,0.283777467937418
D. Genetic,PRS_Nalls_z,"Polygenic risk score, PD susceptibility",291,115,per SD,1.012,0.85,1.204,0.8963605224247083,0.8965555567094035,-0.0029,0.6874,0.6843,0.8963605224247083,0.9935967104266555,1.323,-0.0029,-0.0073,0.0012,,0,0.0021684071748256,0.0905481402080811
E. Cerebrospinal fluid and blood,asyn,CSF alpha-synuclein,342,130,per SD,0.801,0.673,0.953,0.0125301161244989,0.009366664649949,0.0103,0.6941,0.7054,0.115813605359447,0.7742072413877268,1.301,0.0103,-0.0088,0.0309,,0,0.010127737040068,0.8454254325932442
E. Cerebrospinal fluid and blood,tau,CSF total tau,361,137,per SD,0.809,0.672,0.975,0.0256655563615329,0.0226064349853533,0.0085,0.6863,0.6946,0.115813605359447,0.7742072413877268,1.293,0.0085,-0.0082,0.0245,,0,0.0083419899549175,0.8458846368499398
E. Cerebrospinal fluid and blood,ptau,CSF phosphorylated tau,338,125,per SD,0.807,0.661,0.985,0.0347440816078341,0.0294575506558973,0.004,0.6922,0.6976,0.115813605359447,0.7742072413877268,1.308,0.004,-0.0143,0.0198,,0,0.0086991393719476,0.6771757079945033
E. Cerebrospinal fluid and blood,NFL_CSF,CSF neurofilament light,198,89,per SD,1.194,0.948,1.504,0.131512231272095,0.1575923091000899,-0.0036,0.6726,0.6727,0.3287805781802375,0.8360420416583182,1.375,-0.0036,-0.0235,0.0177,,0,0.0105103971297432,0.3659805574335497
E. Cerebrospinal fluid and blood,abeta,CSF amyloid-beta 1-42,350,135,per SD,0.897,0.763,1.054,0.1856318158246831,0.1836419975119145,0.0006,0.6738,0.6738,0.3712636316493662,0.9305380433002379,1.295,0.0006,-0.0112,0.0122,,0,0.0059694973989318,0.5400306646596693
E. Cerebrospinal fluid and blood,CSFSAA_pos,"CSF alpha-synuclein seed amplification assay, positive",745,154,per unit (corrigido),1.254,0.732,2.151,0.4098177450662165,0.3988782279314106,-0.0043,0.6981,0.6938,0.6730449373511279,0.9935967104266555,2.22,-0.0043,-0.0196,0.0072,,0,0.006836860268862,0.2646929669001874
E. Cerebrospinal fluid and blood,total_di_18_1_BMP,Urinary di-18:1-BMP,360,137,per SD,0.939,0.788,1.119,0.4812393888251488,0.4729722511651711,-0.0038,0.6717,0.669,0.6730449373511279,0.9935967104266555,1.293,-0.0038,-0.0111,0.0031,,0,0.0036225155155911,0.1470902519647918
E. Cerebrospinal fluid and blood,total_di_22_6_BMP,Urinary di-22:6-BMP,360,137,per SD,1.051,0.876,1.26,0.5942475570707682,0.6023285654295849,-0.0066,0.6717,0.667,0.6730449373511279,0.9935967104266555,1.293,-0.0066,-0.0146,-0.0001,,1,0.0036990475335261,0.0371920866583635
E. Cerebrospinal fluid and blood,nfl_serum,Serum neurofilament light,359,139,per SD,0.946,0.764,1.17,0.6057404436160152,0.597001716322257,-0.0157,0.6691,0.6558,0.6730449373511279,0.9935967104266555,1.29,-0.0157,-0.0397,-0.0006,,1,0.009974673004198,0.0577452927854454
E. Cerebrospinal fluid and blood,urate,Serum urate,755,162,per SD,1.017,0.87,1.19,0.830499048124526,0.8307303811355529,-0.0049,0.6913,0.6866,0.830499048124526,0.9935967104266555,1.266,-0.0049,-0.0114,0.0006,,0,0.0030612807174009,0.0547286415782558
F. Dopamine-transporter imaging,datscan_put_asym,Putaminal asymmetry index,794,163,per SD,0.963,0.836,1.109,0.5981164827948513,0.5771264414863755,-0.0011,0.7019,0.6972,0.9992496395255708,0.9935967104266555,1.265,-0.0011,-0.0062,0.0046,,0,0.0027551526456608,0.3448537929301888
F. Dopamine-transporter imaging,datscan_put_worse,"Putaminal binding, worse side",794,163,per SD,0.972,0.824,1.146,0.7345413965433567,0.7338372841228398,-0.0023,0.7019,0.6991,0.9992496395255708,0.9935967104266555,1.265,-0.0023,-0.0049,0.0012,,0,0.0015561510313454,0.0697031344077909
F. Dopamine-transporter imaging,datscan_cau_worse,"Caudate binding, worse side",794,163,per SD,0.996,0.852,1.165,0.964109412957894,0.9641057310252524,0.0003,0.7019,0.7008,0.9992496395255708,0.9935967104266555,1.265,0.0003,-0.003,0.0038,,0,0.0017347257398605,0.5686499190192036
F. Dopamine-transporter imaging,MIA_STRIATUM_BILAT,"Striatal binding, bilateral",794,163,per SD,1.0,0.859,1.164,0.9992496395255708,0.9992496349319384,-0.0024,0.7019,0.6983,0.9992496395255708,0.9992496395255707,1.265,-0.0024,-0.0058,0.0008,,0,0.0016837043945705,0.0770167069883781
G. Treatment at time-zero,LEDD,"Total dopaminergic daily dose, amantadine excluded",808,165,per SD,1.097,0.964,1.249,0.1600179827193421,0.1677142365490844,0.0039,0.6914,0.6941,0.1600179827193421,0.8901000288763403,1.264,0.0039,-0.0079,0.0451,,0,0.0045153890581663,0.8061272008189015
"H. Structural MRI (FreeSurfer, baseline)",mri_accumbens,Nucleus accumbens volume (per ICV),486,135,per SD,0.865,0.734,1.02,0.0850405113463232,0.0825855386959564,0.0006,0.6861,0.6891,0.485398497374284,0.830778197429063,1.295,0.0006,-0.0154,0.0158,,0,0.0079593298652424,0.5300450994247367
"H. Structural MRI (FreeSurfer, baseline)",mri_cortex,Cortical volume (per ICV),486,135,per SD,0.891,0.772,1.027,0.1117915533916923,0.1223986620674535,0.0003,0.6861,0.6875,0.485398497374284,0.830778197429063,1.295,0.0003,-0.011,0.0116,,0,0.0057654120177717,0.5207493752759706
"H. Structural MRI (FreeSurfer, baseline)",mri_amygdala,Amygdala volume (per ICV),486,135,per SD,0.873,0.738,1.033,0.1134247827056118,0.1126450800688231,-0.0047,0.6861,0.6815,0.485398497374284,0.830778197429063,1.295,-0.0047,-0.0258,0.0156,,0,0.0105614184750332,0.3281541027127119
"H. Structural MRI (FreeSurfer, baseline)",mri_total_gray,Total grey matter (per ICV),486,135,per SD,0.888,0.764,1.031,0.1194972319281817,0.1282131017888047,-0.0001,0.6861,0.6868,0.485398497374284,0.830778197429063,1.295,-0.0001,-0.0133,0.0132,,0,0.006760328250927,0.494098988726535
"H. Structural MRI (FreeSurfer, baseline)",mri_cth_occipital,"Cortical thickness, occipital",486,135,per SD,0.889,0.765,1.032,0.121349624343571,0.1261333093046606,-0.0071,0.6861,0.6816,0.485398497374284,0.830778197429063,1.295,-0.0071,-0.0208,0.0039,,0,0.0063011361433169,0.129917559079332
"H. Structural MRI (FreeSurfer, baseline)",mri_putamen,Putamen volume (per ICV),486,135,per SD,0.903,0.764,1.068,0.2348486971472064,0.2348065038842169,-0.0084,0.6861,0.6795,0.782828990490688,0.9378115416666666,1.295,-0.0084,-0.0209,0.0029,,0,0.0060715400895118,0.0832551908422782
"H. Structural MRI (FreeSurfer, baseline)",mri_pallidum,Pallidum volume (per ICV),486,135,per SD,0.921,0.783,1.084,0.3210610806657796,0.3196588972903122,0.003,0.6861,0.6881,0.9173173733307989,0.9935967104266555,1.295,0.003,-0.0071,0.0122,,0,0.0049235598204864,0.7288422440293485
"H. Structural MRI (FreeSurfer, baseline)",mri_wm_hypo,White-matter hypointensities (per ICV),486,135,per SD,0.941,0.803,1.104,0.4568503297597542,0.4358133006900999,-0.0006,0.6861,0.6869,0.9805506527043578,0.9935967104266555,1.295,-0.0006,-0.0064,0.0044,,0,0.0027551526456608,0.413802688261603
"H. Structural MRI (FreeSurfer, baseline)",mri_subcort_gray,Subcortical grey matter (per ICV),486,135,per SD,0.939,0.789,1.118,0.4826184472266095,0.4821221447997341,-0.0039,0.6861,0.6804,0.9805506527043578,0.9935967104266555,1.295,-0.0039,-0.0156,0.0087,,0,0.0061990934527368,0.2646338588390083
"H. Structural MRI (FreeSurfer, baseline)",mri_cth_cingulate,"Cortical thickness, cingulate",486,135,per SD,1.039,0.89,1.212,0.6305642026587376,0.6256030018911061,-0.0049,0.6861,0.6828,0.9805506527043578,0.9935967104266555,1.295,-0.0049,-0.0123,0.0009,,0,0.003367408789141,0.0728173589769107
"H. Structural MRI (FreeSurfer, baseline)",mri_cth_parietal,"Cortical thickness, parietal",486,135,per SD,0.975,0.837,1.134,0.7401960774813258,0.7417303038310482,-0.005,0.6861,0.6822,0.9805506527043578,0.9935967104266555,1.295,-0.005,-0.0109,-0.0006,,1,0.0026275992824358,0.0285282546760534
"H. Structural MRI (FreeSurfer, baseline)",mri_thalamus,Thalamus volume (per ICV),486,135,per SD,1.03,0.86,1.235,0.7470563178853424,0.7470408227219099,0.0002,0.6861,0.6847,0.9805506527043578,0.9935967104266555,1.295,0.0002,-0.0021,0.0027,,0,0.0012245122869603,0.5648708239879154
"H. Structural MRI (FreeSurfer, baseline)",mri_icv,Estimated total intracranial volume,486,135,per SD,1.028,0.86,1.228,0.7650415905390302,0.7650718595443288,-0.003,0.6861,0.6806,0.9805506527043578,0.9935967104266555,1.295,-0.003,-0.0102,0.0037,,0,0.003545983497656,0.1987686665500727
"H. Structural MRI (FreeSurfer, baseline)",mri_cth_global,"Cortical thickness, global mean",486,135,per SD,0.98,0.846,1.134,0.782680356569231,0.7841113479260355,-0.0044,0.6861,0.6843,0.9805506527043578,0.9935967104266555,1.295,-0.0044,-0.0084,-0.0011,,1,0.0018622791030855,0.0090712644704622
"H. Structural MRI (FreeSurfer, baseline)",mri_hippocampus,Hippocampus volume (per ICV),486,135,per SD,0.978,0.818,1.17,0.8096001167475962,0.8095100623562563,-0.0122,0.6861,0.677,0.9805506527043578,0.9935967104266555,1.295,-0.0122,-0.0235,-0.0033,,1,0.0051531558742915,0.0089548133286646
"H. Structural MRI (FreeSurfer, baseline)",mri_cth_frontal,"Cortical thickness, frontal",486,135,per SD,0.984,0.846,1.143,0.8286566518676338,0.8294195525406407,-0.0028,0.6861,0.6843,0.9805506527043578,0.9935967104266555,1.295,-0.0028,-0.0064,0.0005,,0,0.0017602364125055,0.0558390690491354
"H. Structural MRI (FreeSurfer, baseline)",mri_cth_temporal,"Cortical thickness, temporal",486,135,per SD,0.99,0.855,1.147,0.8979936918355144,0.8982930848166772,-0.0066,0.6861,0.6831,0.9805506527043578,0.9935967104266555,1.295,-0.0066,-0.0114,-0.0021,,1,0.0023724925559857,0.002702214436582
"H. Structural MRI (FreeSurfer, baseline)",mri_ventricle,Lateral ventricle volume (per ICV),486,135,per SD,1.008,0.83,1.225,0.9341958429729376,0.9342556057298076,-0.0067,0.6861,0.679,0.9805506527043578,0.9935967104266555,1.295,-0.0067,-0.0146,-0.0004,,1,0.0036225155155911,0.0321896868128733
"H. Structural MRI (FreeSurfer, baseline)",mri_white_matter,Cerebral white matter (per ICV),486,135,per SD,0.996,0.859,1.154,0.9531115895866248,0.9530225381435318,-0.0016,0.6861,0.6849,0.9805506527043578,0.9935967104266555,1.295,-0.0016,-0.0044,0.0011,,0,0.0014030869954754,0.1270717793203784
"H. Structural MRI (FreeSurfer, baseline)",mri_caudate,Caudate volume (per ICV),486,135,per SD,0.998,0.853,1.167,0.9805506527043578,0.9805521052505448,-0.0049,0.6861,0.6826,0.9805506527043578,0.9935967104266555,1.295,-0.0049,-0.0091,-0.001,,1,0.0020663644842456,0.0088624715317125
"I. Dopamine-transporter imaging, subregional",dat_poscaudate,Post-caudate,653,138,per SD,1.057,0.886,1.26,0.5400249919850779,0.540562820261338,-0.0044,0.7031,0.7,0.9062665287744136,0.9935967104266555,1.291,-0.0044,-0.0102,0.0017,,0,0.0030357700447559,0.0736150277112451
"I. Dopamine-transporter imaging, subregional",dat_posventral_putamen,Post-ventral putamen,653,138,per SD,0.969,0.82,1.145,0.7118167167804994,0.710979775164259,-0.0044,0.7031,0.6992,0.9062665287744136,0.9935967104266555,1.291,-0.0044,-0.0094,0.0003,,0,0.0024745352465657,0.0376927580682341
"I. Dopamine-transporter imaging, subregional",dat_poscomm_putamen,Postcommissural putamen,653,138,per SD,0.971,0.819,1.152,0.7394755771036449,0.7386696703587271,-0.0042,0.7031,0.6993,0.9062665287744136,0.9935967104266555,1.291,-0.0042,-0.0088,0.0004,,0,0.0023469818833407,0.0367645613677031
"I. Dopamine-transporter imaging, subregional",dat_posdorsal_putamen,Post-dorsal putamen,653,138,per SD,0.972,0.819,1.153,0.7417825132963579,0.7409217942288274,-0.0041,0.7031,0.6994,0.9062665287744136,0.9935967104266555,1.291,-0.0041,-0.0085,0.0003,,0,0.0022449391927606,0.0339002776297988
"I. Dopamine-transporter imaging, subregional",dat_predorsal_putamen,Pre-dorsal putamen,653,138,per SD,0.978,0.83,1.152,0.7893691759177106,0.7889852604732434,-0.0067,0.7031,0.6984,0.9062665287744136,0.9935967104266555,1.291,-0.0067,-0.0124,-0.0015,,1,0.0027806633183058,0.0079872630963041
"I. Dopamine-transporter imaging, subregional",dat_precaudate,Pre-caudate,653,138,per SD,1.011,0.858,1.192,0.8938071871448641,0.8938586902148931,-0.0035,0.7031,0.7,0.9062665287744136,0.9935967104266555,1.291,-0.0035,-0.0068,-0.0005,,1,0.0016071723766354,0.0147127823294054
"I. Dopamine-transporter imaging, subregional",dat_preventral_putamen,Pre-ventral putamen,653,138,per SD,1.01,0.862,1.182,0.9049881379940504,0.9050256118400356,-0.0054,0.7031,0.6995,0.9062665287744136,0.9935967104266555,1.291,-0.0054,-0.0096,-0.0007,,1,0.0022704498654056,0.0086943704937987
"I. Dopamine-transporter imaging, subregional",dat_precomm_putamen,Precommissural putamen,653,138,per SD,0.99,0.843,1.164,0.9062665287744136,0.9062085917797144,-0.0067,0.7031,0.6991,0.9062665287744136,0.9935967104266555,1.291,-0.0067,-0.0118,-0.0021,,1,0.0024745352465657,0.0033887955287866
J. Lysosomal and other biospecimen markers,bio_gl2,Total GL2 (lactosylceramide),233,92,per SD,0.747,0.547,1.022,0.0680806678652944,0.0324234716935008,0.0084,0.6399,0.6472,0.2717718923019297,0.830778197429063,1.368,0.0084,-0.0167,0.0396,,0,0.0143625086991393,0.7206777412075812
J. Lysosomal and other biospecimen markers,bio_glccer,Total glucosylceramide,233,92,per SD,0.8,0.618,1.036,0.0905906307673099,0.0578765266639026,0.0062,0.6399,0.6482,0.2717718923019297,0.830778197429063,1.368,0.0062,-0.0159,0.0284,,0,0.0113012279817384,0.708364450942606
J. Lysosomal and other biospecimen markers,bio_sm,Total sphingomyelin,233,92,per SD,0.869,0.706,1.071,0.188198705386565,0.1757729134460434,-0.0046,0.6399,0.6373,0.37639741077313,0.9305380433002379,1.368,-0.0046,-0.0238,0.0154,,0,0.010000183676843,0.3227611425129847
J. Lysosomal and other biospecimen markers,bio_progranulin,Progranulin,62,23,per SD,1.108,0.618,1.986,0.7307584832035581,0.7400323109294286,-0.0392,0.5744,0.5457,0.9819707440143709,0.9935967104266555,1.871,-0.0392,-0.0842,-0.0081,,1,0.0194136218828509,0.0217331788483184
J. Lysosomal and other biospecimen markers,bio_gcase,Glucocerebrosidase activity,277,109,per SD,1.01,0.813,1.253,0.9316953588953584,0.9318160924022876,-0.0034,0.6298,0.6269,0.9819707440143709,0.9935967104266555,1.333,-0.0034,-0.0083,0.001,,0,0.0023724925559857,0.0759157798305499
J. Lysosomal and other biospecimen markers,bio_ps65ub,pS65 ubiquitin,277,115,per SD,0.998,0.845,1.179,0.9819707440143708,0.9819453231645686,-0.0016,0.6787,0.6759,0.9819707440143709,0.9935967104266555,1.323,-0.0016,-0.0047,0.0013,,0,0.0015306403587004,0.1479389038219847
K. Composite of correlated CSF markers,csf_composite,"CSF composite (first principal component of alpha-synuclein, total tau and phosphorylated tau)",316,116,per SD,0.81,0.666,0.985,0.0347958310736057,0.030002917208672,0.0078,0.7086,0.7168,0.0347958310736057,0.7742072413877268,1.322,0.0078,-0.0105,0.0241,,0,0.0088266927351726,0.8115663716090433
D. Genetic,PRS_all,"Polygenic risk score, combined (PRS_all)",291,115,per SD,1.092,0.921,1.295,0.31,0.31,-0.006,,,0.7622857142857143,0.9935967104266555,1.32,-0.006,-0.0168,0.0058,,0,0.0057654120177717,0.1490099899596326
