domain,variable,label,unit,n,events,HR,lo,hi,p,LRT_p,min_HR_80pct,source,FDR_domain,FDR_global
B. Cognitive and neuropsychological,bjlot,"Benton judgement of line orientation, raw",per SD,812,165,1.159,0.995,1.35,0.05771846430413363,0.05191937091310798,1.244,rebuilt,0.7291891957313614,0.7714368976126972
B. Cognitive and neuropsychological,DVT_FAS,Lexical fluency (FAS),per SD,442,23,1.274,0.949,1.712,0.10753730721445949,0.1088694032566832,1.794,rebuilt,0.7291891957313614,0.7714368976126972
B. Cognitive and neuropsychological,DVS_JLO_MSSAE,"Benton JLO, scaled for age and education",per SD,812,165,1.094,0.943,1.269,0.23523068116891183,0.23206728599538504,1.244,rebuilt,0.7291891957313614,0.9379288129661957
B. Cognitive and neuropsychological,DVS_LNS,Letter-number sequencing,per SD,813,165,1.093,0.941,1.27,0.24397840633809015,0.24334285687611007,1.244,rebuilt,0.7291891957313614,0.9379288129661957
B. Cognitive and neuropsychological,TMT_A,Trail making A,per SD,443,23,1.155,0.889,1.501,0.27976702803810605,0.28993440860891306,1.794,rebuilt,0.7291891957313614,0.9865787095035311
B. Cognitive and neuropsychological,COG_COMPOSITE_INT,Cognitive composite,per SD,811,165,1.074,0.923,1.25,0.35303993535760314,0.3510297510982754,1.244,rebuilt,0.7291891957313614,0.9935967104266556
B. Cognitive and neuropsychological,DVS_BNT,Modified Boston naming test,per SD,422,21,1.148,0.836,1.577,0.3929870944052104,0.3889873652633844,1.843,rebuilt,0.7291891957313614,0.9935967104266556
B. Cognitive and neuropsychological,DVT_TOTAL_RECALL,HVLT-R total recall,per SD,813,165,0.943,0.82,1.083,0.40609256330845844,0.4069823518916339,1.244,rebuilt,0.7291891957313614,0.9935967104266556
B. Cognitive and neuropsychological,moca,MoCA total,per SD,813,165,1.065,0.916,1.238,0.4101689225988908,0.4071312395353789,1.244,rebuilt,0.7291891957313614,0.9935967104266556
B. Cognitive and neuropsychological,DVT_RECOG_DISC_INDEX,HVLT-R recognition discrimination,per SD,811,164,1.034,0.898,1.19,0.6446815176993116,0.6433532342991746,1.245,rebuilt,0.9824327024443337,0.9935967104266556
B. Cognitive and neuropsychological,TMT_B,Trail making B,per SD,443,23,1.041,0.787,1.378,0.7780691072017893,0.7793709229559123,1.794,rebuilt,0.9824327024443337,0.9935967104266556
B. Cognitive and neuropsychological,DVT_SDM,Symbol digit modalities,per SD,812,165,1.019,0.881,1.178,0.801380310311094,0.8013917509559484,1.244,rebuilt,0.9824327024443337,0.9935967104266556
B. Cognitive and neuropsychological,DVT_SFTANIM,"Semantic fluency, animals",per SD,813,165,1.016,0.879,1.174,0.8341806862222152,0.8342001481836634,1.244,rebuilt,0.9824327024443337,0.9935967104266556
B. Cognitive and neuropsychological,DVT_RETENTION,HVLT-R retention,per SD,813,165,1.012,0.877,1.168,0.8682227136165928,0.8681367627854376,1.244,rebuilt,0.9824327024443337,0.9935967104266556
B. Cognitive and neuropsychological,DVT_DELAYED_RECALL,HVLT-R delayed recall,per SD,813,165,1.007,0.871,1.164,0.9279155858467607,0.927887806715362,1.244,rebuilt,0.9824327024443337,0.9935967104266556
B. Cognitive and neuropsychological,clockdraw,Clock drawing,per SD,445,23,1.003,0.738,1.365,0.9824327024443337,0.9824236024990726,1.794,rebuilt,0.9824327024443337,0.9935967104266556
C. Non-motor scales,orthostasis,Orthostatic hypotension,per unit (corrigido),810,165,0.772,0.52,1.148,0.2013371515139403,0.19077421198076722,1.244,rebuilt,0.9589141202853927,0.9379288129661957
C. Non-motor scales,scopa_cv,SCOPA cardiovascular,per SD,813,165,0.914,0.789,1.058,0.22929760478290606,0.22130108101228319,1.244,rebuilt,0.9589141202853927,0.9379288129661957
C. Non-motor scales,stai_state,STAI state anxiety,per SD,812,165,0.927,0.807,1.066,0.2882140050235035,0.2855360141247303,1.244,rebuilt,0.9589141202853927,0.9865787095035311
C. Non-motor scales,rem,RBD screening questionnaire,per SD,812,165,1.071,0.93,1.233,0.3416758999674697,0.3440766873231592,1.244,rebuilt,0.9589141202853927,0.9935967104266556
C. Non-motor scales,scopa_gi,SCOPA gastrointestinal,per SD,813,165,1.062,0.914,1.235,0.43156754588898405,0.4337289216433705,1.244,rebuilt,0.9589141202853927,0.9935967104266556
C. Non-motor scales,scopa_sex,SCOPA sexual,per SD,812,165,0.96,0.835,1.104,0.5665466764511029,0.5643591711090863,1.244,rebuilt,0.9589141202853927,0.9935967104266556
C. Non-motor scales,scopa_pm,SCOPA pupillomotor,per SD,813,165,1.034,0.904,1.182,0.6273463369551182,0.6293382781746748,1.244,rebuilt,0.9589141202853927,0.9935967104266556
C. Non-motor scales,scopa_therm,SCOPA thermoregulatory,per SD,813,165,1.031,0.901,1.18,0.6544786071132915,0.6560065996209415,1.244,rebuilt,0.9589141202853927,0.9935967104266556
C. Non-motor scales,quip_any,Impulse control disorder (QUIP),per unit (corrigido),813,165,0.931,0.661,1.311,0.6826534926295409,0.6811090319819049,1.244,rebuilt,0.9589141202853927,0.9935967104266556
C. Non-motor scales,gds,Geriatric depression scale,per SD,813,165,0.971,0.842,1.12,0.6882805058331274,0.6869972294413209,1.244,rebuilt,0.9589141202853927,0.9935967104266556
C. Non-motor scales,scopa_ur,SCOPA urinary,per SD,813,165,0.972,0.841,1.124,0.703203688209288,0.7022976738805964,1.244,rebuilt,0.9589141202853927,0.9935967104266556
C. Non-motor scales,upsit,UPSIT smell identification,per SD,795,163,0.988,0.854,1.143,0.8686578053931095,0.8686615608250563,1.245,rebuilt,0.9760096429376344,0.9935967104266556
C. Non-motor scales,ess,Epworth sleepiness,per SD,812,165,0.991,0.862,1.139,0.9005589567192362,0.9004854717487829,1.244,rebuilt,0.9760096429376344,0.9935967104266556
C. Non-motor scales,scopa,SCOPA-AUT total,per SD,812,165,0.994,0.858,1.151,0.9341847292263317,0.9341478141124876,1.244,rebuilt,0.9760096429376344,0.9935967104266556
C. Non-motor scales,stai_trait,STAI trait anxiety,per SD,812,165,1.002,0.871,1.153,0.9760096429376344,0.9760141332692974,1.244,rebuilt,0.9760096429376344,0.9935967104266556
D. Genetic,GBA,GBA variant carrier (MUTRSLT positive),per unit (corrigido),813,165,1.657,0.697,3.938,0.2529246237212213,0.28337308914084847,1.244,rebuilt,0.7622718679946574,0.9379288129661957
D. Genetic,PRS_Progression_z,"Polygenic risk score, progression",per SD,291,115,1.139,0.95,1.364,0.15886833263650196,0.1588958348014468,1.299,rebuilt,0.7622718679946574,0.8837051002905422
D. Genetic,LRRK2,LRRK2 variant carrier (MUTRSLT positive),per unit (corrigido),813,165,1.121,0.667,1.883,0.6669878844953252,0.6711355145448249,1.244,rebuilt,0.7622718679946574,0.9935967104266556
D. Genetic,SNCA,SNCA variant carrier,per unit (corrigido),813,165,0.494,0.098,2.498,0.3938040575758667,0.3498206548424747,1.244,rebuilt,0.7622718679946574,0.9935967104266556
D. Genetic,APOE_e4,APOE e4 allele count,per unit (corrigido),772,161,0.929,0.692,1.248,0.6264125086187581,0.6238466634090556,1.247,rebuilt,0.7622718679946574,0.9935967104266556
D. Genetic,any_mut,Any pathogenic variant detected,per unit (corrigido),813,165,1.113,0.713,1.736,0.6372420813336033,0.640845659849133,1.244,rebuilt,0.7622718679946574,0.9935967104266556
D. Genetic,PRS_Nalls_z,"Polygenic risk score, PD susceptibility",per SD,291,115,1.012,0.85,1.204,0.8963605224247083,0.8965555567094035,1.299,rebuilt,0.8963605224247083,0.9935967104266556
E. Cerebrospinal fluid and blood,asyn,CSF alpha-synuclein,per SD,342,130,0.801,0.673,0.953,0.012530116124498992,0.009366664649949025,1.279,rebuilt,0.11581360535944739,0.7714368976126972
E. Cerebrospinal fluid and blood,tau,CSF total tau,per SD,361,137,0.809,0.672,0.975,0.025665556361532848,0.022606434985353394,1.27,rebuilt,0.11581360535944739,0.7714368976126972
E. Cerebrospinal fluid and blood,ptau,CSF phosphorylated tau,per SD,338,125,0.807,0.661,0.985,0.03474408160783422,0.02945755065589733,1.285,rebuilt,0.11581360535944739,0.7714368976126972
E. Cerebrospinal fluid and blood,NFL_CSF,CSF neurofilament light,per SD,198,89,1.194,0.948,1.504,0.1315122312720957,0.15759230910008995,1.346,rebuilt,0.3287805781802392,0.7803059055477678
E. Cerebrospinal fluid and blood,abeta,CSF amyloid-beta 1-42,per SD,350,135,0.897,0.763,1.054,0.18563181582468302,0.1836419975119145,1.273,rebuilt,0.37126363164936604,0.9305380433002384
E. Cerebrospinal fluid and blood,CSFSAA_pos,"CSF alpha-synuclein seed amplification assay, positive",per unit (corrigido),745,154,1.254,0.732,2.151,0.4098177450662168,0.3988782279314106,1.253,rebuilt,0.6730449373511279,0.9935967104266556
E. Cerebrospinal fluid and blood,total_di_18_1_BMP,Urinary di-18:1-BMP,per SD,360,137,0.939,0.788,1.119,0.48123938882514883,0.47297225116517105,1.27,rebuilt,0.6730449373511279,0.9935967104266556
E. Cerebrospinal fluid and blood,total_di_22_6_BMP,Urinary di-22:6-BMP,per SD,360,137,1.051,0.876,1.26,0.5942475570707679,0.6023285654295848,1.27,rebuilt,0.6730449373511279,0.9935967104266556
E. Cerebrospinal fluid and blood,nfl_serum,Serum neurofilament light,per SD,359,139,0.946,0.764,1.17,0.6057404436160152,0.5970017163219585,1.268,rebuilt,0.6730449373511279,0.9935967104266556
E. Cerebrospinal fluid and blood,urate,Serum urate,per SD,755,162,1.017,0.87,1.19,0.8304990481245261,0.8307303811351381,1.246,rebuilt,0.830499048124526,0.9935967104266556
F. Dopamine-transporter imaging,datscan_put_asym,Putaminal asymmetry index,per SD,794,163,0.963,0.836,1.109,0.5981164827948516,0.5771264414863755,1.245,rebuilt,0.9992496395255714,0.9935967104266556
F. Dopamine-transporter imaging,datscan_put_worse,"Putaminal binding, worse side",per SD,794,163,0.972,0.824,1.146,0.7345413965433569,0.7338372841228398,1.245,rebuilt,0.9992496395255714,0.9935967104266556
F. Dopamine-transporter imaging,datscan_cau_worse,"Caudate binding, worse side",per SD,794,163,0.996,0.852,1.165,0.9641094129578943,0.9641057310292799,1.245,rebuilt,0.9992496395255714,0.9935967104266556
F. Dopamine-transporter imaging,MIA_STRIATUM_BILAT,"Striatal binding, bilateral",per SD,794,163,1.0,0.859,1.164,0.9992496395255714,0.9992496349319384,1.245,rebuilt,0.9992496395255714,0.9992496395255714
G. Treatment at time-zero,LEDD,Levodopa-equivalent daily dose,per SD,813,165,1.132,0.994,1.288,0.06082206468385194,0.06618042148491908,1.244,rebuilt,0.06082206468385194,0.7714368976126972
"H. Structural MRI (FreeSurfer, baseline)",mri_accumbens,Nucleus accumbens volume (per ICV),per SD,486,135,0.865,0.734,1.02,0.08504051134632254,0.08258553869595645,1.273,rebuilt,0.4853984973742813,0.7714368976126972
"H. Structural MRI (FreeSurfer, baseline)",mri_cortex,Cortical volume (per ICV),per SD,486,135,0.891,0.772,1.027,0.1117915533916919,0.1223986620674535,1.273,rebuilt,0.4853984973742813,0.7714368976126972
"H. Structural MRI (FreeSurfer, baseline)",mri_amygdala,Amygdala volume (per ICV),per SD,486,135,0.873,0.738,1.033,0.11342478270561161,0.11264508006882311,1.273,rebuilt,0.4853984973742813,0.7714368976126972
"H. Structural MRI (FreeSurfer, baseline)",mri_total_gray,Total grey matter (per ICV),per SD,486,135,0.888,0.764,1.031,0.11949723192818272,0.1282131017888047,1.273,rebuilt,0.4853984973742813,0.7714368976126972
"H. Structural MRI (FreeSurfer, baseline)",mri_cth_occipital,"Cortical thickness, occipital",per SD,486,135,0.889,0.765,1.032,0.12134962434357033,0.12613330930466066,1.273,rebuilt,0.4853984973742813,0.7714368976126972
"H. Structural MRI (FreeSurfer, baseline)",mri_putamen,Putamen volume (per ICV),per SD,486,135,0.903,0.764,1.068,0.23484869714720613,0.23480650388421698,1.273,rebuilt,0.7828289904906871,0.9379288129661957
"H. Structural MRI (FreeSurfer, baseline)",mri_pallidum,Pallidum volume (per ICV),per SD,486,135,0.921,0.783,1.084,0.3210610806657801,0.3196588972903122,1.273,rebuilt,0.9173173733308003,0.9935967104266556
"H. Structural MRI (FreeSurfer, baseline)",mri_wm_hypo,White-matter hypointensities (per ICV),per SD,486,135,0.941,0.803,1.104,0.45685032975975415,0.43581330069018576,1.273,rebuilt,0.9805506527043578,0.9935967104266556
"H. Structural MRI (FreeSurfer, baseline)",mri_subcort_gray,Subcortical grey matter (per ICV),per SD,486,135,0.939,0.789,1.118,0.48261844722660907,0.48212214479973403,1.273,rebuilt,0.9805506527043578,0.9935967104266556
"H. Structural MRI (FreeSurfer, baseline)",mri_cth_cingulate,"Cortical thickness, cingulate",per SD,486,135,1.039,0.89,1.212,0.6305642026587377,0.6256030018911061,1.273,rebuilt,0.9805506527043578,0.9935967104266556
"H. Structural MRI (FreeSurfer, baseline)",mri_cth_parietal,"Cortical thickness, parietal",per SD,486,135,0.975,0.837,1.134,0.7401960774813257,0.7417303038310482,1.273,rebuilt,0.9805506527043578,0.9935967104266556
"H. Structural MRI (FreeSurfer, baseline)",mri_thalamus,Thalamus volume (per ICV),per SD,486,135,1.03,0.86,1.235,0.7470563178853413,0.7470408227219099,1.273,rebuilt,0.9805506527043578,0.9935967104266556
"H. Structural MRI (FreeSurfer, baseline)",mri_icv,Estimated total intracranial volume,per SD,486,135,1.028,0.86,1.228,0.7650415905390295,0.7650718595446191,1.273,rebuilt,0.9805506527043578,0.9935967104266556
"H. Structural MRI (FreeSurfer, baseline)",mri_cth_global,"Cortical thickness, global mean",per SD,486,135,0.98,0.846,1.134,0.7826803565692302,0.7841113479260355,1.273,rebuilt,0.9805506527043578,0.9935967104266556
"H. Structural MRI (FreeSurfer, baseline)",mri_hippocampus,Hippocampus volume (per ICV),per SD,486,135,0.978,0.818,1.17,0.8096001167475968,0.8095100623562563,1.273,rebuilt,0.9805506527043578,0.9935967104266556
"H. Structural MRI (FreeSurfer, baseline)",mri_cth_frontal,"Cortical thickness, frontal",per SD,486,135,0.984,0.846,1.143,0.8286566518676349,0.8294195525406407,1.273,rebuilt,0.9805506527043578,0.9935967104266556
"H. Structural MRI (FreeSurfer, baseline)",mri_cth_temporal,"Cortical thickness, temporal",per SD,486,135,0.99,0.855,1.147,0.8979936918355147,0.8982930848166772,1.273,rebuilt,0.9805506527043578,0.9935967104266556
"H. Structural MRI (FreeSurfer, baseline)",mri_ventricle,Lateral ventricle volume (per ICV),per SD,486,135,1.008,0.83,1.225,0.9341958429729379,0.9342556057298075,1.273,rebuilt,0.9805506527043578,0.9935967104266556
"H. Structural MRI (FreeSurfer, baseline)",mri_white_matter,Cerebral white matter (per ICV),per SD,486,135,0.996,0.859,1.154,0.9531115895866238,0.9530225381435318,1.273,rebuilt,0.9805506527043578,0.9935967104266556
"H. Structural MRI (FreeSurfer, baseline)",mri_caudate,Caudate volume (per ICV),per SD,486,135,0.998,0.853,1.167,0.9805506527043578,0.9805521052505449,1.273,rebuilt,0.9805506527043578,0.9935967104266556
"I. Dopamine-transporter imaging, subregional",dat_poscaudate,Post-caudate,per SD,653,138,1.057,0.886,1.26,0.5400249919850776,0.5405628202612152,1.269,rebuilt,0.906266528774414,0.9935967104266556
"I. Dopamine-transporter imaging, subregional",dat_posventral_putamen,Post-ventral putamen,per SD,653,138,0.969,0.82,1.145,0.7118167167804985,0.7109797751640305,1.269,rebuilt,0.906266528774414,0.9935967104266556
"I. Dopamine-transporter imaging, subregional",dat_poscomm_putamen,Postcommissural putamen,per SD,653,138,0.971,0.819,1.152,0.7394755771036448,0.7386696703587271,1.269,rebuilt,0.906266528774414,0.9935967104266556
"I. Dopamine-transporter imaging, subregional",dat_posdorsal_putamen,Post-dorsal putamen,per SD,653,138,0.972,0.819,1.153,0.7417825132963579,0.7409217942285677,1.269,rebuilt,0.906266528774414,0.9935967104266556
"I. Dopamine-transporter imaging, subregional",dat_predorsal_putamen,Pre-dorsal putamen,per SD,653,138,0.978,0.83,1.152,0.7893691759177106,0.7889852604732434,1.269,rebuilt,0.906266528774414,0.9935967104266556
"I. Dopamine-transporter imaging, subregional",dat_precaudate,Pre-caudate,per SD,653,138,1.011,0.858,1.192,0.893807187144864,0.8938586902148931,1.269,rebuilt,0.906266528774414,0.9935967104266556
"I. Dopamine-transporter imaging, subregional",dat_preventral_putamen,Pre-ventral putamen,per SD,653,138,1.01,0.862,1.182,0.9049881379940506,0.9050256118407904,1.269,rebuilt,0.906266528774414,0.9935967104266556
"I. Dopamine-transporter imaging, subregional",dat_precomm_putamen,Precommissural putamen,per SD,653,138,0.99,0.843,1.164,0.906266528774414,0.906208591782008,1.269,rebuilt,0.906266528774414,0.9935967104266556
J. Lysosomal and other biospecimen markers,bio_gl2,Total GL2 (lactosylceramide),per SD,233,92,0.747,0.547,1.022,0.06808066786529454,0.032423471693494466,1.339,rebuilt,0.2717718923019288,0.7714368976126972
J. Lysosomal and other biospecimen markers,bio_glccer,Total glucosylceramide,per SD,233,92,0.8,0.618,1.036,0.0905906307673096,0.057876526663886874,1.339,rebuilt,0.2717718923019288,0.7714368976126972
J. Lysosomal and other biospecimen markers,bio_sm,Total sphingomyelin,per SD,233,92,0.869,0.706,1.071,0.18819870538656505,0.17577291344600326,1.339,rebuilt,0.3763974107731301,0.9305380433002384
J. Lysosomal and other biospecimen markers,bio_progranulin,Progranulin,per SD,62,23,1.108,0.618,1.986,0.7307584832035581,0.7400323109294286,1.794,rebuilt,0.981970744014371,0.9935967104266556
J. Lysosomal and other biospecimen markers,bio_gcase,Glucocerebrosidase activity,per SD,277,109,1.01,0.813,1.253,0.9316953588953583,0.9318160924038722,1.308,rebuilt,0.981970744014371,0.9935967104266556
J. Lysosomal and other biospecimen markers,bio_ps65ub,pS65 ubiquitin,per SD,277,115,0.998,0.845,1.179,0.981970744014371,0.9819453231605614,1.299,rebuilt,0.981970744014371,0.9935967104266556
K. Composite of correlated CSF markers,csf_composite,"CSF composite (first principal component of alpha-synuclein, total tau and phosphorylated tau)",per SD,316,116,0.81,0.666,0.985,0.03479583107360571,0.030002917208675955,1.297,rebuilt,0.03479583107360571,0.7714368976126972
D. Genetic,PRS_all,"Polygenic risk score, combined (PRS_all)",per SD,291,115,1.092,0.921,1.295,0.30997580560853283,0.31400533552086546,1.299,rebuilt,0.7622718679946574,0.9935967104266556
