Variável,Geral (N=1447),Sem evento (n=1144),Com evento (n=303),% miss,p
ageonset,62.0 [54.8–68.0],62.6 [55.9–68.6],59.5 [50.0–64.7],31.0,0.0
duration_yrs,0.5 [0.3–1.0],0.6 [0.3–1.1],0.4 [0.2–0.9],31.0,0.0148
BMI,26.2 [23.8–29.4],26.2 [23.8–29.5],26.1 [23.8–29.1],23.0,0.8066
updrs1_score,7.0 [4.0–10.0],7.0 [4.0–10.0],7.0 [4.0–11.0],23.0,0.3395
updrs2_score,8.0 [5.0–11.0],7.0 [4.0–11.0],8.0 [6.0–13.0],23.0,0.0002
updrs3_score,25.0 [18.0–34.0],24.0 [17.0–33.0],29.0 [20.2–37.8],24.0,0.0001
comp_axial,4.0 [2.0–6.0],4.0 [2.0–6.0],4.0 [2.0–6.0],23.0,0.3741
comp_tremor,5.0 [2.0–9.0],5.0 [2.0–9.0],5.0 [2.0–10.0],23.0,0.8706
comp_marcha_pi,3.0 [1.0–4.0],3.0 [1.0–4.0],3.0 [2.0–4.0],23.0,0.0383
comp_bradicinesia,12.0 [7.0–17.0],11.0 [7.0–17.0],13.0 [9.0–18.0],23.0,0.0029
td_pigd_ratio,1.4 [0.6–2.7],1.4 [0.7–2.7],1.4 [0.5–2.4],34.0,0.1829
moca,27.0 [25.0–29.0],27.0 [25.0–29.0],28.0 [26.0–29.0],23.0,0.0836
stai,61.0 [50.0–76.0],61.0 [50.0–76.5],63.0 [52.0–75.5],23.0,0.1623
upsit,22.0 [16.0–28.0],22.0 [15.0–28.0],22.0 [16.0–29.8],25.0,0.2161
datscan_putamen_min,0.5 [0.4–0.7],0.5 [0.4–0.7],0.5 [0.4–0.6],33.0,0.0013
datscan_putamen_asym,0.2 [0.1–0.3],0.2 [0.1–0.3],0.2 [0.1–0.3],33.0,0.6432
abeta,777.5 [578.2–1040.8],782.2 [588.4–1038.5],765.6 [547.7–1051.0],69.0,0.5307
ptau,13.3 [10.5–17.1],13.4 [10.9–17.6],12.8 [9.7–15.8],69.0,0.0135
resp,28.2 [14.3–42.3],27.8 [14.7–41.2],29.2 [12.6–44.3],19.0,0.2091
SEX (feminino=0),394 (35%),303 (33%),91 (45%),23.0,0.0022
is_pigd (PIGD=1),290 (29%),228 (28%),62 (32%),31.0,0.3016
LRRK2+,188 (13%),111 (10%),77 (25%),0.0,0.0
GBA+,93 (6%),53 (5%),40 (13%),0.0,0.0
