Characteristic,"PPMI development sample, n = 813"
"Age at onset, years",62.0 [54.9-68.3]
"Male, n (%)",522 (64%)
Total MDS-UPDRS (I+II+III),42.0 [32.0-53.0]
"Body-mass index, kg/m2",26.2 [23.9-29.6]
TD/PIGD ratio,1.6 [0.8-3.0]
"Freezing of gait present (item 2.13 above zero), n (%)",146 (18%)
"Problematic dyskinesia (events), n (%)",165 (20%)
"Follow-up from levodopa initiation, years",2.4 [1.3-4.7]
"Levodopa daily dose at time-zero, mg",300 [250-450]
"Total dopaminergic daily dose at time-zero, amantadine excluded, mg",400 [300-600]
"Dopamine agonist at time-zero, n (%)",227 (28%)
"Amantadine at time-zero, n (%)",66 (8%)
