2|8|11|12|13|15,0.651156
1|2|8|9|13|15,0.655353
2|5|7|8|11|18,0.676321
7|8|10|15|16|19,0.678411
4|7|8|14|17|18,0.667509
2|12|14|15|16|17,0.602819
2|4|5|7|14|15,0.643445
0|3|11|13|15|19,0.651688
5|6|10|12|14|18,0.599343
1|7|13|14|17|19,0.628668
0|1|5|6|9|17,0.618013
0|8|14|15|17|19,0.676682
0|2|10|13|16|17,0.612201
0|1|2|7|10|12,0.639988
3|4|6|13|16|18,0.622438
5|8|14|15|16|18,0.661564
1|4|7|9|15|18,0.635543
1|8|11|13|16|17,0.635164
2|8|10|12|17|19,0.651915
0|1|6|8|11|12,0.668116
1|3|6|14|16|18,0.618906
0|1|2|4|8|9,0.667661
1|4|9|12|14|17,0.583379
1|2|4|5|18|19,0.608934
1|10|12|15|16|19,0.613531
1|9|11|12|13|17,0.580559
5|10|11|12|16|17,0.585307
0|2|4|5|11|19,0.639684
0|4|8|9|10|11,0.651346
2|4|5|11|12|15,0.614556
4|5|7|8|11|19,0.669636
0|2|8|11|17|19,0.677670
1|5|9|11|13|14,0.585355
2|3|6|11|13|17,0.629941
1|3|8|10|14|19,0.650624
3|8|12|13|16|18,0.649503
1|7|8|15|18|19,0.667585
4|6|7|15|16|19,0.651232
2|4|8|17|18|19,0.658886
0|1|2|14|16|19,0.626807
2|9|10|15|17|19,0.624186
2|5|9|10|14|19,0.616607
6|7|10|14|16|18,0.624698
2|3|6|9|14|15,0.638981
6|12|13|17|18|19,0.573835
1|3|6|14|15|17,0.625458
4|6|7|12|13|15,0.617434
0|1|4|11|15|19,0.636284
2|3|13|14|15|19,0.634423
1|3|5|9|15|18,0.616038
1|8|10|13|17|19,0.644033
2|3|9|11|12|15,0.620938
0|2|6|7|8|16,0.680956
6|7|9|15|17|18,0.635259
7|8|10|11|14|19,0.674213
0|3|5|8|14|16,0.672105
0|2|8|10|11|12,0.652314
0|4|7|12|13|14,0.612980
0|1|2|3|11|16,0.646066
3|6|8|13|15|16,0.666578
5|6|7|15|16|17,0.627263
9|12|15|16|18|19,0.589979
0|2|3|14|16|17,0.628991
0|2|11|13|18|19,0.622837
0|2|7|9|11|15,0.630757
0|4|5|6|13|19,0.631460
0|4|5|13|14|19,0.623407
2|12|15|16|18|19,0.600843
2|4|6|11|16|19,0.645192
2|3|4|5|9|15,0.632600
4|5|6|12|14|15,0.609200
0|1|2|3|10|14,0.643388
2|6|13|16|17|18,0.607795
1|4|6|10|18|19,0.599894
7|11|14|15|17|18,0.632505
1|2|5|8|12|13,0.652466
2|7|8|12|13|14,0.660747
4|9|12|13|18|19,0.568422
4|7|10|11|17|19,0.635012
1|5|8|12|15|16,0.645553
1|4|5|13|15|17,0.597728
2|10|12|14|16|19,0.596228
2|4|7|8|10|11,0.650035
5|6|7|12|14|15,0.623768
2|3|5|6|10|15,0.645230
0|1|2|6|13|15,0.637994
3|7|8|13|16|18,0.668477
1|4|6|8|17|18,0.653264
5|8|11|15|16|17,0.646711
0|3|4|9|12|14,0.616873
3|4|10|13|14|18,0.611612
0|2|3|5|8|18,0.680766
1|8|9|12|14|18,0.645477
0|2|6|8|10|14,0.670054
0|11|13|14|18|19,0.606446
2|6|7|13|16|17,0.637196
1|5|7|8|11|16,0.658278
1|3|5|12|14|18,0.598298
1|4|6|8|9|14,0.649750
2|4|9|15|16|19,0.629181
2|5|8|12|14|17,0.653777
0|2|5|7|12|16,0.635297
1|13|14|15|17|19,0.610112
2|8|11|14|16|18,0.661279
0|4|5|7|14|17,0.633036
1|13|14|16|17|19,0.592031
1|4|9|10|15|17,0.598070
0|4|6|10|15|19,0.637614
4|5|6|11|14|19,0.629304
2|4|9|10|16|17,0.598317
1|2|3|4|16|18,0.629466
3|5|6|8|9|15,0.664166
7|8|14|15|16|18,0.672371
1|6|7|10|14|19,0.641298
2|10|13|16|17|19,0.602857
0|2|5|9|10|11,0.627623
2|4|10|12|14|17,0.600672
0|2|5|12|15|18,0.631498
0|3|4|7|11|16,0.638487
3|4|6|8|11|15,0.673207
1|9|10|12|13|14,0.585896
0|1|7|8|10|17,0.668686
2|3|6|9|15|17,0.628212
4|5|9|11|12|15,0.592477
3|6|8|11|17|18,0.659930
0|7|11|12|18|19,0.630491
0|3|5|13|17|18,0.621660
5|6|7|10|16|19,0.643084
1|5|6|9|12|14,0.592296
3|4|6|11|17|19,0.625781
4|6|10|13|15|18,0.626142
1|2|3|6|10|17,0.634803
0|1|4|13|16|19,0.619342
2|4|8|13|17|18,0.658449
0|2|6|7|9|14,0.637709
2|3|4|9|11|12,0.620159
0|1|3|7|16|19,0.653169
0|1|7|11|15|18,0.652257
2|3|5|9|14|15,0.630928
1|7|8|12|14|16,0.662703
0|2|5|7|15|19,0.657499
7|10|12|13|17|18,0.617994
7|8|10|11|13|19,0.675543
1|8|12|13|14|18,0.643179
1|2|5|10|12|18,0.607738
3|7|8|11|14|18,0.669104
1|2|3|9|10|11,0.631716
0|7|9|10|11|13,0.610986
4|5|10|11|12|17,0.586675
1|2|4|6|10|16,0.632771
2|5|6|8|15|18,0.679170
1|6|7|10|14|18,0.634176
2|7|13|14|16|17,0.627642
0|5|8|12|13|14,0.666255
0|4|6|7|10|12,0.621907
1|5|7|9|15|19,0.632258
3|4|6|9|14|16,0.623236
11|12|13|14|17|19,0.594139
2|6|13|14|16|18,0.612524
4|5|9|14|16|18,0.595050
5|6|7|14|17|19,0.636113
0|4|7|11|17|19,0.645363
0|1|4|5|14|17,0.616664
0|2|10|12|15|19,0.628953
2|4|8|11|13|18,0.659779
6|12|14|16|17|19,0.593075
0|2|8|12|15|18,0.666464
1|3|5|6|18|19,0.614879
1|6|7|8|11|18,0.676151
3|5|10|14|15|19,0.623958
1|6|9|10|14|19,0.608175
0|6|7|8|9|17,0.672789
4|8|10|13|17|19,0.650016
6|10|12|14|16|19,0.602287
1|3|4|13|14|19,0.613683
3|8|10|15|18|19,0.654119
3|7|11|14|16|19,0.638108
1|2|4|6|9|19,0.625648
3|7|11|12|13|17,0.633749
2|6|10|16|17|19,0.616759
0|2|6|9|12|14,0.616721
0|6|8|11|12|18,0.670927
0|1|4|11|13|17,0.606579
3|4|7|9|13|18,0.631859
3|11|13|15|17|19,0.623103
3|7|10|13|17|19,0.637386
2|7|8|10|12|13,0.659266
0|5|6|7|8|15,0.679626
5|10|12|15|16|19,0.611840
4|6|7|11|14|19,0.651412
4|6|7|9|13|16,0.612562
3|4|6|10|14|18,0.627130
2|5|8|9|13|17,0.653188
3|5|13|14|15|18,0.617576
0|8|10|11|15|18,0.678202
0|1|2|4|12|16,0.624983
1|2|3|5|12|18,0.617101
0|5|11|14|18|19,0.618811
0|2|5|10|11|15,0.638108
1|3|4|7|12|17,0.635515
2|7|12|13|16|17,0.626997
7|9|10|11|15|19,0.648763
0|3|10|16|18|19,0.613967
9|11|13|15|17|19,0.616588
1|2|4|5|6|17,0.621527
1|2|5|8|10|12,0.652409
3|4|7|11|16|18,0.635657
7|9|10|13|17|18,0.617994
1|5|7|10|16|19,0.633340
1|2|7|9|18|19,0.634765
3|7|10|11|12|15,0.632144
2|5|9|12|14|16,0.599153
4|5|6|7|11|14,0.627025
0|2|3|5|13|14,0.642343
2|6|11|13|17|18,0.620900
0|7|10|11|14|19,0.647509
3|4|10|11|15|19,0.636417
2|5|6|12|13|15,0.621451
1|5|7|11|15|16,0.633996
4|6|11|12|16|18,0.604025
0|3|5|10|15|16,0.640444
2|3|5|8|10|17,0.659304
0|4|10|11|14|17,0.600615
0|8|9|11|18|19,0.667186
1|7|11|12|13|19,0.629836
0|5|9|13|16|19,0.617690
1|2|12|13|15|17,0.610017
7|11|13|16|17|18,0.620197
1|5|7|10|13|16,0.628307
0|11|12|14|16|19,0.615145
1|5|6|10|16|17,0.612030
1|3|5|13|15|19,0.616437
4|5|8|9|10|19,0.653492
2|7|9|11|14|17,0.630225
2|4|7|8|10|19,0.674080
3|5|6|7|8|13,0.680120
1|5|12|13|15|16,0.606874
2|3|10|15|16|18,0.630358
2|6|8|9|10|12,0.650130
0|1|3|11|14|15,0.636227
1|6|11|14|16|18,0.612714
5|7|8|9|11|12,0.651707
1|2|3|8|12|16,0.654916
0|1|4|6|14|18,0.624319
2|7|12|13|16|17,0.626997
2|6|8|9|13|15,0.662191
0|6|12|15|17|18,0.614594
3|4|6|8|11|17,0.660671
1|6|7|15|16|17,0.634119
3|5|7|11|16|18,0.633549
2|4|5|7|8|16,0.667034
0|3|8|11|15|19,0.687128
2|6|7|14|17|18,0.641849
3|7|13|15|16|18,0.640368
3|5|7|8|11|16,0.660842
1|3|4|9|10|16,0.617044
2|8|11|12|17|19,0.657822
7|8|12|14|16|17,0.658791
0|1|9|11|12|17,0.611270
1|3|5|12|14|17,0.597861
1|3|6|9|14|18,0.621071
0|2|3|4|11|12,0.627528
0|4|5|9|14|19,0.620368
4|7|15|16|17|19,0.637272
0|2|3|6|7|9,0.658867
6|7|8|10|15|19,0.689617
2|3|4|5|7|12,0.641545
7|8|10|14|17|19,0.669408
1|5|7|8|9|11,0.653549
0|2|11|12|14|15,0.612353
8|10|13|16|17|19,0.644945
0|2|6|7|14|19,0.657233
8|9|11|12|16|17,0.638278
1|2|5|6|9|13,0.619010
3|5|6|12|14|19,0.612372
0|10|14|15|16|19,0.627471
0|6|7|9|13|17,0.629979
5|11|13|16|17|19,0.604262
5|6|12|15|18|19,0.602173
3|5|7|9|14|19,0.629000
0|5|7|9|12|14,0.624414
3|6|8|11|12|13,0.666217
0|8|10|11|16|18,0.673359
1|3|6|15|16|17,0.623825
5|9|12|14|15|18,0.603635
1|6|10|11|12|13,0.605373
0|2|7|9|13|16,0.626047
2|3|4|6|11|15,0.648725
1|5|9|12|13|18,0.576703
0|4|9|10|11|18,0.602078
1|8|9|13|14|19,0.642723
0|5|10|12|14|15,0.620881
1|2|7|11|16|19,0.657101
0|5|6|10|13|16,0.631479
2|6|8|12|17|19,0.657271
1|5|6|9|14|19,0.600606
2|4|6|7|9|19,0.651631
1|5|7|12|13|18,0.615715
1|6|12|13|15|18,0.612277
0|2|5|6|11|14,0.642229
1|5|9|12|18|19,0.572268
2|7|10|12|15|16,0.627358
3|10|11|13|14|16,0.594538
6|7|8|10|11|13,0.666977
0|3|4|12|16|19,0.620596
2|4|5|11|12|15,0.614556
1|5|6|7|14|19,0.635382
0|2|3|4|12|13,0.627547
5|6|8|9|10|11,0.658259
3|7|8|10|13|18,0.673719
5|9|10|13|14|19,0.598564
1|2|3|11|12|14,0.624423
0|2|11|13|14|15,0.619817
10|13|14|15|17|18,0.605117
0|7|12|15|17|19,0.640994
0|1|4|7|10|13,0.627604
3|5|13|14|16|17,0.603312
0|1|3|4|11|12,0.631498
2|3|8|12|13|16,0.650168
2|3|4|14|15|19,0.637367
1|6|8|10|17|19,0.653929
5|6|8|10|13|14,0.656607
2|6|8|9|13|19,0.672124
2|4|7|11|13|18,0.641194
1|5|8|13|14|19,0.644888
2|6|12|13|14|15,0.614651
2|3|4|5|9|12,0.614053
2|3|6|10|13|16,0.628839
1|3|9|12|17|19,0.596456
2|3|6|8|14|18,0.671003
0|5|7|8|13|15,0.669712
1|5|7|9|14|16,0.623340
4|6|8|9|11|16,0.660177
1|5|12|13|14|18,0.575886
1|6|10|14|16|18,0.606275
0|2|5|8|10|12,0.665306
2|7|11|13|15|17,0.639855
6|9|11|12|15|18,0.621982
0|3|9|12|18|19,0.606275
3|7|10|14|15|19,0.649484
0|2|5|7|8|18,0.685685
8|9|12|13|14|15,0.646426
5|9|10|16|17|19,0.599191
0|1|4|7|16|18,0.639513
4|5|7|10|12|19,0.617567
2|8|11|14|16|18,0.661279
3|5|8|11|15|17,0.651156
5|6|9|10|17|18,0.603160
2|8|11|12|16|19,0.659551
6|10|11|13|14|19,0.628022
0|3|5|9|16|18,0.627206
1|4|6|8|10|19,0.660063
0|5|7|8|12|16,0.666901
7|8|9|10|13|17,0.654745
0|1|6|12|16|19,0.615468
3|4|11|13|15|18,0.632752
1|2|5|6|7|12,0.641792
0|1|5|8|13|17,0.659209
0|7|9|11|13|18,0.625743
0|5|13|14|16|19,0.620140
1|9|11|13|16|17,0.568156
0|1|3|7|14|15,0.651839
4|6|8|10|16|19,0.670586
3|8|11|14|18|19,0.641906
2|4|6|13|15|18,0.638184
4|5|7|10|15|19,0.636645
1|3|6|7|8|12,0.674289
0|6|10|11|14|15,0.618203
0|2|9|10|13|19,0.616607
5|9|11|13|14|17,0.581451
3|7|9|10|11|18,0.634936
1|3|6|9|12|14,0.616057
1|3|9|10|13|14,0.606142
2|10|13|14|18|19,0.591556
8|9|11|12|17|19,0.643616
1|3|5|7|8|16,0.666369
2|4|7|10|11|19,0.652257
1|7|10|12|17|19,0.623977
6|7|14|15|16|17,0.623977
0|1|8|9|13|14,0.654669
1|8|12|13|14|15,0.648459
1|2|10|11|14|17,0.607871
0|3|9|12|13|19,0.617861
2|3|4|6|13|14,0.638070
1|6|8|9|12|18,0.652162
1|8|12|13|17|18,0.640805
1|2|3|10|11|14,0.631498
5|10|12|14|16|18,0.585934
2|5|10|12|15|18,0.621337
2|10|11|14|16|19,0.620558
4|6|10|14|17|18,0.601964
6|10|11|13|17|18,0.606712
3|4|9|12|15|18,0.614081
1|8|15|16|18|19,0.647870
1|2|8|10|15|18,0.665362
2|3|4|8|15|17,0.663691
1|2|6|7|11|17,0.647367
0|1|6|11|15|19,0.642647
2|3|6|12|13|17,0.615506
0|1|7|9|13|19,0.633302
0|3|4|6|8|10,0.688762
2|5|9|11|16|19,0.627718
1|3|4|9|16|19,0.617690
2|8|12|16|17|19,0.651782
1|7|8|10|12|17,0.660386
1|6|10|11|13|16,0.594196
2|3|7|10|11|19,0.656683
4|5|9|14|15|18,0.615145
0|4|7|13|14|17,0.627490
5|7|8|9|16|17,0.653815
2|7|8|11|12|14,0.653131
5|9|10|13|17|19,0.594860
0|4|8|12|14|19,0.667452
0|6|8|16|17|19,0.676701
6|8|10|15|17|19,0.665287
2|5|7|11|16|18,0.643767
1|3|9|15|17|19,0.613569
0|1|4|8|14|16,0.661925
3|4|12|15|18|19,0.602002
3|5|11|15|16|18,0.625211
1|2|7|9|11|16,0.637243
1|2|9|10|15|17,0.615715
7|8|9|10|15|18,0.672941
1|4|7|14|17|18,0.622590
4|7|10|11|16|18,0.616342
2|5|9|14|17|18,0.606408
1|4|8|11|15|18,0.664679
0|3|6|10|13|16,0.640824
1|3|6|9|13|14,0.616475
1|2|4|10|11|16,0.613853
1|4|8|11|12|13,0.643976
4|5|6|10|14|15,0.615031
3|4|11|17|18|19,0.605478
0|3|8|10|13|19,0.677689
0|1|3|10|14|15,0.640178
9|10|11|12|15|19,0.620292
1|6|10|13|16|17,0.594215
0|7|10|12|15|19,0.642685
2|8|13|14|15|16,0.654138
1|2|9|11|13|14,0.607244
0|2|3|12|13|19,0.626750
0|2|3|11|13|17,0.634727
2|6|7|8|9|15,0.666407
4|5|9|12|13|19,0.586181
9|10|11|13|16|17,0.567644
5|6|8|9|12|14,0.648117
1|8|9|10|15|16,0.643995
0|2|3|6|16|17,0.642590
1|3|10|13|16|18,0.607396
0|2|9|10|11|15,0.619817
3|7|8|10|12|14,0.661621
3|5|6|7|8|19,0.682323
0|1|3|6|9|13,0.639570
0|2|7|8|10|17,0.672884
0|4|7|9|12|14,0.613683
1|2|5|16|17|18,0.614157
0|1|8|9|13|18,0.663653
3|4|9|10|14|16,0.602192
1|5|12|14|16|19,0.591537
1|6|11|12|17|18,0.604851
3|6|9|12|17|19,0.602686
2|4|6|8|9|15,0.663596
1|2|5|15|18|19,0.621375
4|7|8|9|14|19,0.671098
3|6|8|9|10|16,0.665818
3|4|9|15|17|18,0.615658
1|2|11|15|17|18,0.631023
0|1|8|9|11|15,0.660101
5|6|8|9|14|18,0.664907
0|4|7|8|15|16,0.661203
0|1|2|7|14|15,0.649275
2|3|5|6|7|19,0.660899
4|6|9|13|16|19,0.616854
0|1|4|8|16|19,0.668211
8|12|13|14|16|17,0.637728
0|1|6|11|17|19,0.632733
0|2|5|13|17|18,0.622913
1|4|10|11|12|15,0.610758
0|4|5|6|11|17,0.621698
1|5|6|7|15|19,0.640149
0|5|6|8|15|19,0.686445
2|7|12|13|18|19,0.623065
5|6|8|9|10|16,0.656740
0|1|8|12|13|17,0.657082
3|7|9|10|13|14,0.630206
0|3|9|10|14|16,0.619532
1|5|6|8|10|16,0.658031
4|7|9|14|15|19,0.639247
0|1|4|9|12|14,0.613702
4|5|9|12|14|17,0.580093
0|5|6|8|9|17,0.668135
2|3|8|10|15|17,0.658620
0|1|7|9|16|18,0.635126
0|2|3|6|8|18,0.684545
2|4|7|13|14|19,0.640862
3|4|7|8|14|18,0.667927
4|8|13|14|15|19,0.669199
0|7|11|14|17|19,0.645705
2|4|5|11|12|17,0.607158
4|8|9|13|14|17,0.637709
0|8|9|11|15|16,0.665343
2|3|4|10|17|18,0.614480
1|2|6|7|13|16,0.646379
0|2|5|8|11|12,0.664641
2|6|10|11|13|14,0.614803
1|5|6|10|15|18,0.616380
4|9|11|14|15|19,0.631479
1|5|7|8|11|16,0.658278
1|6|10|13|16|17,0.594215
1|3|5|10|12|17,0.599723
0|2|4|6|7|16,0.638411
0|1|4|6|11|13,0.622286
2|10|12|14|16|19,0.596228
0|8|11|14|15|19,0.686065
5|6|9|10|12|14,0.598108
2|6|11|16|18|19,0.625268
0|7|11|12|15|17,0.629998
7|14|16|17|18|19,0.621033
0|1|11|13|17|18,0.616588
3|4|11|15|16|19,0.634765
4|8|9|13|15|19,0.669294
0|1|10|12|13|16,0.609181
4|13|14|15|16|18,0.607244
0|2|10|13|15|17,0.621432
6|8|9|11|13|16,0.655372
4|8|10|12|13|16,0.642666
7|11|12|13|15|17,0.621745
0|3|12|17|18|19,0.604737
1|2|6|9|12|13,0.614366
0|1|3|11|14|15,0.636227
1|2|7|12|13|17,0.635505
7|9|12|13|14|16,0.602192
0|2|4|6|13|19,0.636569
2|3|5|7|16|18,0.645800
1|9|11|13|15|18,0.623046
6|11|14|15|16|17,0.593493
6|14|16|17|18|19,0.596437
1|3|9|16|18|19,0.602819
1|2|6|9|10|11,0.625164
0|3|6|8|10|11,0.687451
2|10|12|14|18|19,0.586276
0|8|9|10|14|15,0.652352
3|5|6|11|12|16,0.611954
0|4|5|6|11|15,0.631745
1|3|9|11|16|18,0.615164
2|8|11|12|15|19,0.667528
7|8|9|10|12|18,0.654745
0|1|9|10|12|13,0.607548
0|2|5|6|12|19,0.625762
3|5|8|13|14|15,0.655163
3|5|7|8|13|14,0.660158
0|3|10|16|17|19,0.623407
6|8|9|12|14|17,0.642970
0|2|3|4|6|18,0.647414
1|6|10|17|18|19,0.595696
3|6|11|16|18|19,0.617994
2|3|5|13|15|16,0.633530
0|3|4|13|16|19,0.627111
0|11|12|13|15|17,0.606579
6|7|9|10|14|17,0.621299
5|6|7|10|11|17,0.629048
2|6|13|14|15|19,0.640994
3|6|11|14|18|19,0.617538
3|8|9|10|13|18,0.655600
1|2|6|9|14|15,0.626693
3|6|8|9|15|19,0.675391
1|2|4|5|7|15,0.645287
0|1|2|5|6|15,0.644299
5|6|7|8|9|13,0.666464
1|3|4|5|12|15,0.614775
0|5|12|14|16|17,0.604794
0|8|9|16|17|19,0.666597
2|3|9|12|14|18,0.608896
5|10|11|12|14|15,0.591575
0|7|8|9|11|13,0.663178
4|6|7|10|14|15,0.614708
0|2|3|8|10|11,0.668762
2|3|5|12|13|15,0.622153
2|3|5|9|11|18,0.627225
1|7|8|11|17|19,0.667775
1|3|5|13|15|18,0.614727
0|2|4|6|7|8,0.672789
5|8|9|12|15|18,0.654897
2|8|11|16|17|18,0.659361
2|3|5|9|10|16,0.621698
11|12|13|15|18|19,0.594557
1|7|8|9|13|17,0.651669
6|7|13|14|17|19,0.641317
0|3|6|15|16|18,0.643464
0|1|6|12|15|17,0.620197
1|3|6|7|10|19,0.653758
2|4|7|12|15|16,0.628079
0|3|4|5|6|17,0.638753
1|5|8|10|14|15,0.653112
2|7|10|16|17|18,0.629922
0|4|9|10|18|19,0.603730
0|1|4|5|7|18,0.636436
5|6|11|14|16|18,0.620919
3|4|6|8|12|19,0.664660
0|1|2|16|17|18,0.624205
1|2|4|7|9|18,0.640197
2|5|8|9|15|16,0.664109
4|7|8|9|14|16,0.647129
0|2|3|7|8|14,0.673757
6|7|16|17|18|19,0.635221
4|7|8|13|14|18,0.661792
2|4|5|13|16|19,0.622533
0|3|4|7|10|19,0.644679
0|6|13|15|18|19,0.618051
0|2|6|13|14|18,0.629219
4|5|6|9|10|13,0.607149
3|5|12|16|17|19,0.596722
8|10|13|14|16|17,0.636379
0|5|9|10|12|19,0.604509
1|3|5|6|10|17,0.620064
2|3|6|7|9|18,0.654812
8|12|14|16|18|19,0.630472
1|3|5|10|11|18,0.612904
0|1|7|10|16|17,0.635771
1|5|12|13|14|17,0.578546
1|7|8|9|11|13,0.651023
0|3|4|9|17|18,0.620007
0|1|2|6|16|17,0.635487
0|2|3|4|9|12,0.622400
0|3|7|8|12|14,0.668420
1|3|5|9|10|18,0.609466
3|12|14|16|17|19,0.594917
2|3|7|9|10|14,0.637519
1|2|6|8|9|15,0.662438
4|6|10|12|13|17,0.595164
0|1|5|12|15|19,0.619608
10|11|16|17|18|19,0.589903
1|2|3|6|16|17,0.633283
3|5|11|12|17|18,0.596200
0|2|5|6|11|15,0.645724
0|6|15|16|17|18,0.619285
2|4|6|12|15|19,0.629086
7|9|10|11|16|19,0.632771
0|7|8|15|18|19,0.678658
0|1|3|5|8|18,0.669807
0|1|4|7|13|18,0.634271
4|7|11|12|17|19,0.628478
4|9|11|13|14|16,0.560103
0|8|9|11|12|13,0.664223
9|10|12|14|18|19,0.569448
1|8|9|12|13|19,0.640691
2|9|14|15|18|19,0.613284
5|7|12|13|14|16,0.612666
2|4|12|13|14|17,0.600103
5|6|7|10|13|14,0.627471
2|3|7|9|12|15,0.640140
2|7|8|11|12|14,0.653131
4|8|12|15|16|19,0.660310
2|5|6|7|8|12,0.670187
1|3|4|5|11|16,0.622533
1|3|4|8|11|17,0.649541
3|6|7|11|12|18,0.649180
0|6|7|8|14|19,0.698828
1|11|12|15|17|18,0.609001
2|4|5|10|15|19,0.634157
0|1|4|11|12|17,0.610302
8|11|14|15|17|19,0.662627
1|6|7|9|11|19,0.642125
2|4|6|8|11|16,0.666692
3|6|12|13|17|18,0.606950
2|5|6|8|14|18,0.674042
3|5|9|10|11|12,0.600539
2|4|7|8|11|13,0.657822
0|3|5|12|16|17,0.616873
2|5|7|12|13|14,0.629770
0|5|6|8|9|17,0.668135
3|6|11|12|13|14,0.621888
0|1|3|6|10|18,0.643312
1|2|6|12|16|18,0.615981
0|1|6|9|10|16,0.619532
2|3|4|7|8|17,0.677081
0|1|3|15|17|19,0.634347
6|10|11|13|14|16,0.587035
1|2|3|13|15|17,0.628174
4|8|11|12|13|15,0.646218
0|2|4|6|10|17,0.625705
1|4|5|12|13|19,0.581793
2|7|8|14|18|19,0.672808
0|1|5|11|13|17,0.608289
4|6|7|8|9|10,0.663444
2|5|6|11|16|19,0.643388
1|3|9|11|12|18,0.613227
2|3|4|10|12|17,0.609713
0|1|6|8|10|12,0.666578
1|4|5|6|8|17,0.652485
1|2|6|7|8|19,0.684336
1|6|14|15|18|19,0.602629
5|7|12|13|14|18,0.612068
0|4|9|12|15|16,0.605724
2|3|6|7|10|18,0.656208
9|10|11|13|14|18,0.586466
3|8|12|13|16|17,0.641849
0|9|10|13|18|19,0.595183
4|5|9|11|13|16,0.588830
0|1|2|6|7|17,0.652922
1|2|4|6|11|13,0.627443
5|6|7|8|9|12,0.659798
6|7|11|15|16|19,0.657366
2|4|5|7|12|17,0.630501
1|6|10|11|17|19,0.616114
0|7|12|14|15|16,0.614499
0|6|12|13|15|16,0.612733
2|6|7|8|9|14,0.664850
2|5|8|11|13|17,0.655885
0|3|9|15|17|18,0.627984
0|3|9|12|14|17,0.611574
0|4|7|8|11|19,0.685153
0|3|11|13|15|17,0.624983
4|5|8|9|11|19,0.654252
0|4|5|10|11|17,0.611802
2|9|13|14|16|18,0.589182
1|6|7|8|9|18,0.674441
2|3|4|11|12|15,0.621109
1|2|5|6|7|10,0.648364
4|5|8|10|15|18,0.663387
3|7|9|11|12|16,0.622856
6|8|9|13|16|17,0.646578
7|9|10|11|14|15,0.602876
1|2|8|12|14|18,0.654783
5|6|9|12|15|18,0.613740
6|8|10|13|15|17,0.653435
1|2|4|6|8|19,0.670035
3|5|6|9|13|15,0.621612
0|1|9|11|17|18,0.617690
3|4|6|9|17|19,0.616873
0|6|7|11|12|19,0.650548
4|5|8|12|17|18,0.642875
1|6|8|13|17|18,0.649218
2|4|5|6|8|18,0.675961
1|4|5|14|18|19,0.586371
4|11|12|14|17|18,0.595335
1|3|5|7|13|15,0.638972
2|4|5|7|10|13,0.631650
0|6|10|11|15|18,0.644546
5|8|9|17|18|19,0.645268
3|9|10|11|14|18,0.608991
3|8|9|11|15|19,0.669446
2|3|11|14|18|19,0.614195
4|6|7|16|17|18,0.631346
3|6|9|10|13|15,0.632979
9|10|11|13|18|19,0.584775
1|2|12|14|17|19,0.604186
3|5|12|13|14|16,0.598982
3|8|13|14|16|17,0.641754
3|6|7|8|10|11,0.682038
2|4|8|10|12|13,0.648820
3|4|11|13|14|15,0.616930
9|10|11|14|15|18,0.620463
1|2|3|4|12|14,0.623464
0|3|7|8|13|16,0.669959
1|4|6|10|12|18,0.604452
1|4|5|11|13|15,0.602724
1|2|9|11|14|17,0.603635
2|6|7|9|14|19,0.650263
0|3|5|10|12|16,0.626541
1|3|6|9|17|19,0.615145
0|8|10|11|14|17,0.654290
3|4|5|6|7|16,0.652096
1|2|4|7|14|17,0.640937
2|5|11|13|16|19,0.632353
8|13|14|16|17|18,0.639266
5|8|11|14|17|18,0.647661
0|7|10|11|13|16,0.602249
2|10|11|12|15|18,0.620273
1|2|3|4|12|17,0.617187
0|6|7|10|14|17,0.638165
4|6|7|12|15|16,0.613018
0|2|5|7|12|18,0.634309
1|4|8|11|12|14,0.649161
0|1|2|6|7|8,0.682228
3|4|13|15|17|18,0.614575
1|4|6|12|14|19,0.603863
3|4|7|11|12|16,0.624869
1|5|7|9|13|16,0.621090
0|4|5|9|12|19,0.605687
0|3|8|9|14|15,0.669408
2|8|9|11|15|16,0.659779
3|5|7|13|17|19,0.631384
0|6|13|15|16|17,0.610321
1|5|7|8|9|16,0.656474
0|5|6|7|10|17,0.641450
1|3|5|6|8|17,0.657233
1|3|9|10|14|19,0.608497
4|6|12|15|17|19,0.611156
0|7|8|16|17|18,0.677575
0|1|2|3|8|17,0.673302
1|3|4|8|9|12,0.647034
3|5|7|12|16|18,0.621251
6|7|12|13|17|18,0.625420
0|3|4|6|12|17,0.630320
0|8|11|13|14|19,0.677100
2|8|11|12|13|16,0.648402
1|5|10|12|13|14,0.587909
4|7|10|16|17|18,0.622229
1|5|8|10|14|16,0.644242
0|3|4|8|14|15,0.674023
0|6|11|15|16|19,0.647015
1|5|11|14|15|18,0.614651
4|11|12|15|18|19,0.599989
1|5|7|12|14|16,0.629523
1|4|6|8|12|15,0.657233
1|3|5|11|17|19,0.608630
1|3|5|8|10|12,0.645914
0|5|7|15|18|19,0.636987
2|5|8|13|15|19,0.672656
1|3|4|7|9|15,0.638630
1|5|8|10|15|18,0.658012
1|4|10|12|15|16,0.620919
2|3|7|12|14|19,0.639152
0|2|12|13|14|15,0.617272
1|11|12|14|17|19,0.591252
1|3|8|11|16|18,0.651782
1|7|11|14|15|19,0.645116
0|1|2|3|8|12,0.669921
0|1|6|7|12|15,0.638430
0|6|9|12|15|18,0.623673
1|7|9|12|13|19,0.619020
3|4|6|13|15|18,0.637006
1|6|8|10|12|17,0.648345
0|1|2|7|13|15,0.647262
0|1|6|16|17|19,0.624015
10|13|14|16|18|19,0.578792
6|8|10|13|15|17,0.653435
0|4|6|8|12|13,0.670586
3|8|10|13|16|19,0.654271
0|10|11|14|18|19,0.611498
2|3|7|14|16|19,0.643217
1|3|7|8|12|18,0.665438
3|5|6|13|14|19,0.621869
9|11|12|17|18|19,0.577216
1|4|6|10|13|15,0.624395
5|6|7|9|11|12,0.622657
5|9|11|14|15|17,0.592828
1|9|10|13|14|15,0.600311
6|7|16|17|18|19,0.635221
0|1|2|12|16|18,0.622609
3|8|9|10|12|17,0.643881
0|5|12|17|18|19,0.596665
3|5|8|9|10|18,0.650130
3|4|9|12|14|16,0.598868
2|3|8|11|12|19,0.661355
6|7|8|11|14|15,0.660424
0|3|5|12|13|14,0.623692
3|10|11|12|13|14,0.604471
1|6|11|12|13|19,0.606769
0|1|3|5|8|19,0.670472
0|1|3|15|17|18,0.632979
9|10|11|12|13|14,0.586409
7|8|13|14|15|18,0.676625
1|8|10|15|17|18,0.652789
0|7|11|16|17|19,0.643672
1|3|4|5|8|12,0.647376
0|7|10|15|16|18,0.634613
5|9|11|13|18|19,0.593683
0|4|5|6|13|14,0.634613
1|4|6|8|9|19,0.657271
1|5|6|8|18|19,0.655486
0|6|7|11|13|17,0.637006
7|8|9|10|14|17,0.653682
1|3|6|8|11|13,0.658677
5|6|12|14|15|16,0.605895
5|6|10|11|16|18,0.620425
2|3|8|9|13|15,0.662684
5|7|11|13|17|18,0.623075
2|3|8|9|16|18,0.661412
0|4|5|6|15|16,0.637994
0|1|8|12|16|17,0.658639
0|2|7|11|16|17,0.640083
2|3|4|7|12|13,0.640140
0|3|13|14|17|18,0.616797
3|9|10|12|17|19,0.594443
2|7|8|10|11|18,0.663501
3|4|6|7|14|16,0.645382
0|1|5|11|18|19,0.619589
2|5|6|9|16|17,0.615126
4|5|6|7|11|15,0.628174
3|4|5|7|8|19,0.667832
1|5|9|12|15|17,0.583712
9|11|15|17|18|19,0.605952
2|4|7|9|18|19,0.632315
11|12|13|14|17|18,0.591898
6|10|12|14|16|18,0.589504
0|7|9|10|15|18,0.635980
2|6|8|11|13|16,0.662248
2|4|6|16|17|19,0.621185
6|7|11|14|17|18,0.635600
7|8|11|13|15|19,0.685058
6|7|8|9|17|18,0.674517
0|3|7|11|15|19,0.664280
9|10|11|13|16|19,0.601261
2|3|10|12|13|19,0.611137
0|3|4|6|10|12,0.641982
3|5|9|14|15|17,0.605649
4|5|7|13|14|15,0.614347
3|4|5|10|14|19,0.613094
6|7|13|14|17|19,0.641317
2|5|8|11|12|19,0.658943
0|6|7|10|12|18,0.626294
4|9|11|13|15|19,0.628383
1|3|4|14|15|18,0.624623
7|9|11|13|14|17,0.610283
3|4|12|14|15|18,0.615031
1|2|6|8|10|18,0.664907
1|2|6|7|8|16,0.675638
1|7|9|15|17|18,0.631783
1|9|10|11|13|16,0.580179
0|3|4|14|16|19,0.628896
0|1|5|8|9|10,0.659076
0|3|7|10|11|14,0.641811
0|4|5|6|12|15,0.627282
2|9|10|11|13|18,0.606313
0|2|4|6|8|14,0.675923
2|3|5|6|14|15,0.643008
1|5|7|9|13|17,0.611242
0|9|13|15|17|19,0.622799
1|3|4|7|8|17,0.666027
1|6|7|8|10|19,0.675467
6|8|10|14|16|17,0.651403
2|3|9|10|12|13,0.611802
0|4|10|12|13|17,0.600463
1|3|9|12|14|16,0.606484
1|8|10|15|16|17,0.646142
0|1|7|8|10|12,0.669294
1|3|5|6|11|18,0.622286
10|11|13|14|16|18,0.580502
2|6|7|12|16|18,0.634290
0|2|3|6|13|18,0.650054
0|2|4|8|17|18,0.671421
1|4|9|10|12|14,0.594443
4|7|12|13|17|18,0.616427
3|5|10|13|18|19,0.601698
0|1|2|4|9|11,0.632752
0|4|8|11|15|18,0.680880
1|4|5|7|9|18,0.619922
1|7|8|10|13|16,0.653967
5|9|11|15|17|18,0.613550
0|1|3|10|13|16,0.629447
3|6|8|10|13|15,0.673245
0|5|7|10|13|19,0.637538
3|5|7|8|14|17,0.662419
0|7|11|16|18|19,0.640994
0|6|14|17|18|19,0.612125
0|1|4|11|15|17,0.617253
3|11|12|15|18|19,0.605212
5|9|10|11|16|17,0.586352
0|3|4|12|14|17,0.618602
0|2|6|14|16|18,0.625325
2|4|11|12|14|19,0.616626
1|3|5|13|14|19,0.606978
0|7|8|9|10|14,0.651498
2|3|4|8|10|15,0.667623
7|10|11|13|14|18,0.617709
0|3|4|6|9|14,0.642818
1|2|10|14|17|18,0.604490
3|5|10|12|15|19,0.617462
0|1|3|4|7|18,0.649598
2|4|9|10|14|15,0.603464
0|6|8|11|12|17,0.665723
0|7|9|12|13|14,0.616645
3|8|11|12|15|16,0.653188
1|6|9|10|14|19,0.608175
0|6|7|9|12|14,0.622020
1|2|4|6|15|17,0.628402
0|11|13|14|16|18,0.604072
2|4|5|11|15|18,0.642552
0|4|9|12|13|17,0.595088
0|4|5|8|14|17,0.666730
2|4|8|11|15|17,0.658981
2|3|4|5|8|12,0.657632
0|4|11|13|14|17,0.598754
6|7|8|13|16|19,0.684526
1|13|14|15|17|18,0.603217
2|3|10|14|18|19,0.604775
1|2|9|10|12|18,0.606541
3|8|10|11|13|14,0.648725
0|2|4|5|11|14,0.628668
6|8|13|14|16|19,0.665192
3|4|5|8|11|18,0.654536
1|8|9|14|16|17,0.630339
2|3|6|10|16|18,0.630092
1|6|8|14|16|19,0.657404
3|4|7|10|11|18,0.639038
6|11|13|14|18|19,0.602458
0|4|5|7|10|18,0.630776
4|11|12|14|15|19,0.619399
6|13|14|16|17|19,0.600065
1|5|12|14|15|17,0.592069
0|8|12|13|15|19,0.677404
0|3|5|10|12|17,0.619153
0|2|7|9|12|16,0.625059
3|9|11|14|17|18,0.602515
3|4|5|6|13|15,0.628744
5|7|12|15|16|19,0.635790
2|8|11|13|14|16,0.643502
2|3|5|6|15|18,0.642324
